OBJECT_ID,ALARM_ID,ALARM_LVL,ALARM_DESC
OHT_NODE,10000,2,vehicle long time inaction
OHT_NODE,10121,2,OHTC has trnasfer commmand in queue over time
OHT_NODE,65534,2,Vehicle has been disconnected.
OHT_NODE,65535,2,Vehicle switch to manual mode.
OHT_NODE,1,1,Agv already have a transfer command on middler get new transfer command.
OHT_NODE,2,1,Battery capacity enter low power threshold.
OHT_NODE,3,1,Loading is off after load finished.
OHT_NODE,4,1,Carrier ID is EMPTY after load finished.
OHT_NODE,5,1,Carrier ID is ERROR after load finished.
OHT_NODE,6,1,Move finish fail.
OHT_NODE,7,1,Loading is ON after unload finished.
OHT_NODE,8,1,Fork command is exist before unload.
OHT_NODE,9,1,Vehicle is not in unload position and cannot unload.
OHT_NODE,10,1,Fork command is exist before load.
OHT_NODE,11,1,Vehicle is not in guide sections.
OHT_NODE,12,1,This address is a couple but no charge direction.
OHT_NODE,13,1,Charging is OFF after send start charge command to plc.
OHT_NODE,14,2,Charging is ON after send stop charge command to plc.
OHT_NODE,15,1,Vehicle is not in load position and cannot load.
OHT_NODE,16,1,Vehicle already have cassette cannot load.
OHT_NODE,17,1,Vehicle has no cassette to unload.
OHT_NODE,18,2,AgvcMoveCommand is not match the map to move.
OHT_NODE,19,1,Vehicle is not in transfer reject override.
OHT_NODE,20,1,Vehicle is not in moving-step reject override.
OHT_NODE,21,1,Vehicle is not pause by reserve reject override.
OHT_NODE,22,1,Unload address unmatch current command unload address.
OHT_NODE,23,1,Load address unmatch current command load address.
OHT_NODE,24,1,ToUnloadSections is empty.
OHT_NODE,25,1,ToLoadSections is empty.
OHT_NODE,26,1,Exception happened in override-check.
OHT_NODE,27,2,Fork not home reject transfer command.
OHT_NODE,28,1,Carrier ID is mismatch after load finished.
OHT_NODE,29,1,Carrier ID read reply is timeout
OHT_NODE,30,1,Vehicle has alarm cannot do transfer command.
OHT_NODE,31,1,MoveControl status is not idle cannot switch to auto mode.
OHT_NODE,32,1,Real position is null cannot switch to auto mode.
OHT_NODE,33,1,Vehicle is not in transfer reject avoid.
OHT_NODE,34,1,Vehicle is not in moving-step reject avoid.
OHT_NODE,35,1,Vehicle is not pause by reserve reject avoid.
OHT_NODE,36,1,Exception happened in avoid-check.
OHT_NODE,37,2,Get EMS from AGVC.
OHT_NODE,38,2,Agvc maybe disconnected.
OHT_NODE,40,1,AgvlError
OHT_NODE,42,1,Nearly address in no section.
OHT_NODE,43,2,Please check agvl try auto fail reason in agvm.
OHT_NODE,44,2,Agvm can not find section in manual.
OHT_NODE,45,2,Agvm can not find address in manual.
OHT_NODE,46,2,MoveState is not idle or block can not switch to auto.
OHT_NODE,47,2,RobotState is not idle can not switch to auto.
OHT_NODE,48,2,Robot is not home can not switch to auto.
OHT_NODE,49,2,InterlockError.
OHT_NODE,50,2,Visit Step Precheck Exception.
OHT_NODE,51,2,Agvl report cst position error.
OHT_NODE,52,2,Agvl report robot command end but not in robot step.
OHT_NODE,53,2,Agvl report robot state not ready to load or unlaod.
OHT_NODE,54,1,Agvl initial position is too far to address.
OHT_NODE,55,1,Vehicle in move step but position unchange too long.
OHT_NODE,56,1,Agvc disconnect when sending command.
OHT_NODE,57,1,Local disconnect when sending command.
OHT_NODE,58,2,Local reject move command when Middle receive command and send to Local.
OHT_NODE,59,1,ChargerRetryFail
OHT_NODE,60,1,Middle and Local CommunicationSpecVersionMismatch
OHT_NODE,61,1,Middle and Local MapVersionMismatch
OHT_NODE,62,1,Middle and Local SoftwareVersionMismatch
OHT_NODE,63,2,Local Abort when Commanding
OHT_NODE,64,2,ModeChangeUnknow
OHT_NODE,65,2,ChargingAbnormal
OHT_NODE,66,2,CanMoveCheckStepTimeout
OHT_NODE,67,2,MoveStepTimeout
OHT_NODE,68,2,LoadStepTimeout
OHT_NODE,69,2,UnloadStepTimeout
OHT_NODE,70,2,PauseTimeout
OHT_NODE,71,2,HumanHandleTimeout
OHT_NODE,72,1,LocalMoveCommandReject
OHT_NODE,73,1,LocalMoveEndincorrect
OHT_NODE,74,1,LocalMoveStatusNotIdle
OHT_NODE,75,1,LocalMoveCommandTimeout
ZONE1_EQ1,1,2,Iefield disconnection exception
ZONE1_EQ1,2,2,Emo of main control box
ZONE1_EQ1,3,2,Mu box emo
ZONE1_EQ1,4,2,The maintenance door detects that 1 is abnormal
ZONE1_EQ1,5,2,
ZONE1_EQ1,6,2,Abnormal CCLink disconnection
ZONE1_EQ1,7,2,Abnormal detection of shutter 1
ZONE1_EQ1,8,2,Abnormal detection of shutter 2
ZONE1_EQ1,9,2,Emergency door opening button
ZONE1_EQ1,10,2,
ZONE1_EQ1,11,2,
ZONE1_EQ1,12,2,The maintenance door 2 Error
ZONE1_EQ1,13,2,The maintenance door 3 Error
ZONE1_EQ1,14,2,The maintenance door 4 Error
ZONE1_EQ1,15,2,The maintenance door 5 Error
ZONE1_EQ1,16,2,CV 1-Servo drive battery is abnormal
ZONE1_EQ1,17,2,CV 1-Main circuit OFF
ZONE1_EQ1,18,2,CV 1-EMO
ZONE1_EQ1,19,2,CV 1-EMO (MU)
ZONE1_EQ1,20,2,CV 1-The maintenance door detects abnormalities
ZONE1_EQ1,21,2,CV 1-Fire door 1 is not positioned on the top
ZONE1_EQ1,22,2,CV 1-Fire door 2 is not positioned on the top
ZONE1_EQ1,23,2,CV 1-Area Sensor 1 detection of abnormality
ZONE1_EQ1,24,2,CV 1-Area Sensor 2 detects abnormalities
ZONE1_EQ1,25,2,CV 1-The automatic door is not in positioning
ZONE1_EQ1,26,2,CV 1-Automatic door is closed and no movement is allowed
ZONE1_EQ1,27,2,CV 1-Automatic door opening timeout
ZONE1_EQ1,28,2,CV 1-Automatic door abnormal
ZONE1_EQ1,29,2,CV 1-Automatic door has not been learned
ZONE1_EQ1,30,2,CV 1-The safety relay is not activated
ZONE1_EQ1,31,2,CV 1-Abnormal air pressure
ZONE1_EQ1,32,2,CV 2-Servo drive battery is abnormal
ZONE1_EQ1,33,2,CV 2-Main circuit OFF
ZONE1_EQ1,34,2,CV 2-EMO
ZONE1_EQ1,35,2,CV 2-EMO (MU)
ZONE1_EQ1,36,2,CV 2-Maintenance door detects abnormalities
ZONE1_EQ1,37,2,
ZONE1_EQ1,38,2,
ZONE1_EQ1,39,2,CV 2-Area Sensor 1 detects abnormality
ZONE1_EQ1,40,2,CV 2-Area Sensor 2 detects abnormality
ZONE1_EQ1,41,2,
ZONE1_EQ1,42,2,
ZONE1_EQ1,43,2,
ZONE1_EQ1,44,2,
ZONE1_EQ1,45,2,
ZONE1_EQ1,46,2,CV 2-Safety relay is not activated
ZONE1_EQ1,47,2,CV 2-Abnormal air pressure
ZONE1_EQ1,48,2,CV 3-Servo drive battery is abnormal
ZONE1_EQ1,49,2,CV 3-Main circuit OFF
ZONE1_EQ1,50,2,CV 3-EMO
ZONE1_EQ1,51,2,CV 3-EMO (MU)
ZONE1_EQ1,52,2,CV 3-Maintenance door detects abnormalities
ZONE1_EQ1,53,2,
ZONE1_EQ1,54,2,
ZONE1_EQ1,55,2,CV 3-Area Sensor 1 Detection Abnormal
ZONE1_EQ1,56,2,CV 3-Area Sensor 2 Detection Abnormal
ZONE1_EQ1,57,2,
ZONE1_EQ1,58,2,
ZONE1_EQ1,59,2,
ZONE1_EQ1,60,2,
ZONE1_EQ1,61,2,
ZONE1_EQ1,62,2,CV 3-Safety relay is not activated
ZONE1_EQ1,63,2,CV 3-Air Pressure Abnormal
ZONE1_EQ1,64,2,CV 4-Replace the battery of the servo drive
ZONE1_EQ1,65,2,CV 4-Main circuit OFF
ZONE1_EQ1,66,2,CV 4-EMO
ZONE1_EQ1,67,2,CV 4-EMO (MU)
ZONE1_EQ1,68,2,CV 4-Maintenance door detects abnormalities
ZONE1_EQ1,69,2,
ZONE1_EQ1,70,2,
ZONE1_EQ1,71,2,CV 4-Area Sensor 1 detects abnormality
ZONE1_EQ1,72,2,CV 4-Area Sensor 2 detects abnormality
ZONE1_EQ1,73,2,
ZONE1_EQ1,74,2,
ZONE1_EQ1,75,2,
ZONE1_EQ1,76,2,
ZONE1_EQ1,77,2,
ZONE1_EQ1,78,2,CV 4-Safety relay is not activated
ZONE1_EQ1,79,2,CV 4-Air pressure abnormal
ZONE1_EQ1,80,2,MGV1-Replace servo drive battery
ZONE1_EQ1,81,2,MGV1-MC OFF
ZONE1_EQ1,82,2,MGV1-EMO
ZONE1_EQ1,83,2,MGV1-EMO(MU)
ZONE1_EQ1,84,2,MGV1-Repair door detection abnormal
ZONE1_EQ1,85,2,                                   
ZONE1_EQ1,86,2,                                   
ZONE1_EQ1,87,2,MGV1-Area Sensor 1 detection abnormal
ZONE1_EQ1,88,2,MGV1-Area Sensor 2 detection abnormal
ZONE1_EQ1,89,2,                                   
ZONE1_EQ1,90,2,                                   
ZONE1_EQ1,91,2,                                   
ZONE1_EQ1,92,2,                                   
ZONE1_EQ1,93,2,                                   
ZONE1_EQ1,94,2,MGV1-Safety relay is not activated
ZONE1_EQ1,95,2,CV 5-Air Pressure Abnormal
ZONE1_EQ1,96,2,MGV2-Replace servo drive battery
ZONE1_EQ1,97,2,MGV2-MCOFF
ZONE1_EQ1,98,2,MGV2-EMO
ZONE1_EQ1,99,2,MGV2-EMO(MU)
ZONE1_EQ1,100,2,MGV2-Maintenance door detects abnormality
ZONE1_EQ1,101,2,                                   
ZONE1_EQ1,102,2,                                   
ZONE1_EQ1,103,2,MGV2-Area Sensor 1 detection abnormal
ZONE1_EQ1,104,2,MGV2-Area Sensor 2 detection abnormal
ZONE1_EQ1,105,2,                                   
ZONE1_EQ1,106,2,                                   
ZONE1_EQ1,107,2,                                   
ZONE1_EQ1,108,2,                                   
ZONE1_EQ1,109,2,                                   
ZONE1_EQ1,110,2,MGV2-Safety relay is not activated
ZONE1_EQ1,111,2,CV 6-Air pressure abnormal
ZONE1_EQ1,128,1,Battery Low
ZONE1_EQ1,129,1,CC-Link IE(1)ERROR
ZONE1_EQ1,130,1,CC-Link IE(2)ERROR
ZONE1_EQ1,131,1,CC-Link IE(3)ERROR
ZONE1_EQ1,132,2,Ground plate OFFLINE
ZONE1_EQ1,133,2,Ground plate LOCAL
ZONE1_EQ1,134,2,
ZONE1_EQ1,135,2,
ZONE1_EQ1,256,2,CV 1 HP station-Load sensor error
ZONE1_EQ1,257,2,CV 1 HP station-Abnormal pick and put error
ZONE1_EQ1,258,2,CV 1 HP station-The load does not match the ID
ZONE1_EQ1,259,2,CV 1 HP station-The inbox procedure timeout
ZONE1_EQ1,260,2,CV 1 HP station-Out of the box program timeout
ZONE1_EQ1,261,2,CV 1 HP station-Fork detects abnormality
ZONE1_EQ1,262,2,CV 1 HP station-Area detection abnormal
ZONE1_EQ1,263,2,CV 1 HP station-CST ID Report Timer
ZONE1_EQ1,264,2,CV 1 HP station-
ZONE1_EQ1,265,2,CV 1 HP station-
ZONE1_EQ1,266,2,CV 1 HP station-
ZONE1_EQ1,267,2,CV 1 HP station-
ZONE1_EQ1,268,2,CV 1 HP station-
ZONE1_EQ1,269,2,CV 1 HP station-
ZONE1_EQ1,270,2,CV 1 HP station-
ZONE1_EQ1,271,2,CV 1 HP station-Handshaking signal interrupted
ZONE1_EQ1,272,2,CV 1 HP station-Inbox T3 timeout
ZONE1_EQ1,273,2,CV 1 HP station-Inbox T6 timeout
ZONE1_EQ1,274,2,CV 1 HP station-Outbox of box T3 timeout
ZONE1_EQ1,275,2,CV 1 HP station-Outbox of box T6 timeout
ZONE1_EQ1,276,2,CV 1 HP station-Valid OFF (T1)
ZONE1_EQ1,277,2,CV 1 HP station-
ZONE1_EQ1,278,2,CV 1 HP station-
ZONE1_EQ1,279,2,CV 1 HP station-Trolley interference abnormal
ZONE1_EQ1,280,2,CV 1 HP station-Abnormal positioning of safety door
ZONE1_EQ1,281,2,CV 1 HP station-
ZONE1_EQ1,282,2,CV 1 HP station-
ZONE1_EQ1,283,2,CV 1 HP station-
ZONE1_EQ1,284,2,CV 1 HP station-Load sensor 1 error
ZONE1_EQ1,285,2,CV 1 HP station-Load sensor 2 error
ZONE1_EQ1,286,2,CV 1 HP station-Control sensor abnormalities
ZONE1_EQ1,287,2,CV 1 HP station-
ZONE1_EQ1,288,2,CV 1 HP station-
ZONE1_EQ1,289,2,CV 1 HP station-
ZONE1_EQ1,290,2,CV 1 HP station-
ZONE1_EQ1,291,2,CV 1 HP station-
ZONE1_EQ1,292,2,CV 1 HP station-
ZONE1_EQ1,293,2,CV 1 HP station-
ZONE1_EQ1,294,2,CV 1 HP station-
ZONE1_EQ1,295,2,CV 1 HP station-
ZONE1_EQ1,296,2,CV 1 HP station-
ZONE1_EQ1,297,2,CV 1 HP station-
ZONE1_EQ1,298,2,CV 1 HP station-
ZONE1_EQ1,299,2,CV 1 HP station-
ZONE1_EQ1,300,2,CV 1 HP station-
ZONE1_EQ1,301,2,CV 1 HP station-
ZONE1_EQ1,302,2,CV 1 HP station-
ZONE1_EQ1,303,2,CV 1 HP station-
ZONE1_EQ1,304,2,CV 1 HP station-
ZONE1_EQ1,305,2,CV 1 HP station-
ZONE1_EQ1,306,2,CV 1 HP station-
ZONE1_EQ1,307,2,CV 1 HP station-
ZONE1_EQ1,308,2,CV 1 HP station-
ZONE1_EQ1,309,2,CV 1 HP station-
ZONE1_EQ1,310,2,CV 1 HP station-
ZONE1_EQ1,311,2,CV 1 HP station-
ZONE1_EQ1,312,2,CV 1 HP station-
ZONE1_EQ1,313,2,CV 1 HP station-
ZONE1_EQ1,314,2,CV 1 HP station-
ZONE1_EQ1,315,2,CV 1 HP station-
ZONE1_EQ1,316,2,CV 1 HP station-
ZONE1_EQ1,317,2,CV 1 HP station-
ZONE1_EQ1,318,2,CV 1 HP station-
ZONE1_EQ1,319,2,CV 1 HP station-
ZONE1_EQ1,320,1,CV 1 HP station-BCR reading error
ZONE1_EQ1,321,1,CV 1 HP station-
ZONE1_EQ1,322,1,CV 1 HP station-
ZONE1_EQ1,323,1,CV 1 HP station-
ZONE1_EQ1,324,1,CV 1 HP station-
ZONE1_EQ1,325,1,CV 1 HP station-
ZONE1_EQ1,326,1,CV 1 HP station-
ZONE1_EQ1,327,1,CV 1 HP station-
ZONE1_EQ1,328,1,CV 1 HP station-
ZONE1_EQ1,329,1,CV 1 HP station-
ZONE1_EQ1,330,1,CV 1 HP station-
ZONE1_EQ1,331,1,CV 1 HP station-
ZONE1_EQ1,332,1,CV 1 HP station-
ZONE1_EQ1,333,1,CV 1 HP station-
ZONE1_EQ1,334,1,CV 1 HP station-
ZONE1_EQ1,335,1,CV 1 HP station-
ZONE1_EQ1,512,2,CV 1 OP station-Load sensor error
ZONE1_EQ1,513,2,CV 1 OP station-Abnormal pick and put error
ZONE1_EQ1,514,2,CV 1 OP station-The load does not match the ID
ZONE1_EQ1,515,2,CV 1 OP station-The inbox procedure timed out
ZONE1_EQ1,516,2,CV 1 OP station-Out of the box program timed out
ZONE1_EQ1,517,2,CV 1 OP station-Fork detects abnormality
ZONE1_EQ1,518,2,CV 1 OP station-Area detects abnormality
ZONE1_EQ1,519,2,CV 1 OP station-CST ID Report Timer
ZONE1_EQ1,520,2,CV 1 OP station-
ZONE1_EQ1,521,2,CV 1 OP station-
ZONE1_EQ1,522,2,CV 1 OP station-
ZONE1_EQ1,523,2,CV 1 OP station-
ZONE1_EQ1,524,2,CV 1 OP station-
ZONE1_EQ1,525,2,CV 1 OP station-
ZONE1_EQ1,526,2,CV 1 OP station-
ZONE1_EQ1,527,2,CV 1 OP station-Handshaking signal interrupted
ZONE1_EQ1,528,2,CV 1 OP station-Inbox T3 timeout
ZONE1_EQ1,529,2,CV 1 OP station-Inbox T6 timeout
ZONE1_EQ1,530,2,CV 1 OP station-Outbox T3 timeout
ZONE1_EQ1,531,2,CV 1 OP station-Outbox T6 timeout
ZONE1_EQ1,532,2,CV 1 OP station-Valid OFF (T1)
ZONE1_EQ1,533,2,CV 1 OP station-
ZONE1_EQ1,534,2,CV 1 OP station-
ZONE1_EQ1,535,2,CV 1 OP station-Trolley interference abnormal
ZONE1_EQ1,536,2,CV 1 OP station-Safety door positioning abnormal
ZONE1_EQ1,537,2,CV 1 OP station-
ZONE1_EQ1,538,2,CV 1 OP station-
ZONE1_EQ1,539,2,CV 1 OP station-
ZONE1_EQ1,540,2,CV 1 OP station-Load sensor 1 error
ZONE1_EQ1,541,2,CV 1 OP station-Load sensor 2 error
ZONE1_EQ1,542,2,CV 1 OP Station-Abnormality with Contrast sensor
ZONE1_EQ1,543,2,CV 1 OP station-
ZONE1_EQ1,544,2,CV 1 OP station-
ZONE1_EQ1,545,2,CV 1 OP station-
ZONE1_EQ1,546,2,CV 1 OP station-
ZONE1_EQ1,547,2,CV 1 OP station-
ZONE1_EQ1,548,2,CV 1 OP station-
ZONE1_EQ1,549,2,CV 1 OP station-
ZONE1_EQ1,550,2,CV 1 OP station-
ZONE1_EQ1,551,2,CV 1 OP station-
ZONE1_EQ1,552,2,CV 1 OP station-
ZONE1_EQ1,553,2,CV 1 OP station-
ZONE1_EQ1,554,2,CV 1 OP station-
ZONE1_EQ1,555,2,CV 1 OP station-
ZONE1_EQ1,556,2,CV 1 OP station-
ZONE1_EQ1,557,2,CV 1 OP station-
ZONE1_EQ1,558,2,CV 1 OP station-
ZONE1_EQ1,559,2,CV 1 OP station-
ZONE1_EQ1,560,2,CV 1 OP station-
ZONE1_EQ1,561,2,CV 1 OP station-
ZONE1_EQ1,562,2,CV 1 OP station-
ZONE1_EQ1,563,2,CV 1 OP station-
ZONE1_EQ1,564,2,CV 1 OP station-
ZONE1_EQ1,565,2,CV 1 OP station-
ZONE1_EQ1,566,2,CV 1 OP station-
ZONE1_EQ1,567,2,CV 1 OP station-
ZONE1_EQ1,568,2,CV 1 OP station-
ZONE1_EQ1,569,2,CV 1 OP station-
ZONE1_EQ1,570,2,CV 1 OP station-
ZONE1_EQ1,571,2,CV 1 OP station-
ZONE1_EQ1,572,2,CV 1 OP station-
ZONE1_EQ1,573,2,CV 1 OP station-
ZONE1_EQ1,574,2,CV 1 OP station-
ZONE1_EQ1,575,2,CV 1 OP station-
ZONE1_EQ1,576,1,CV 1 OP station-BCR reading error
ZONE1_EQ1,577,1,CV 1 OP station-
ZONE1_EQ1,578,1,CV 1 OP station-
ZONE1_EQ1,579,1,CV 1 OP station-
ZONE1_EQ1,580,1,CV 1 OP station-
ZONE1_EQ1,581,1,CV 1 OP station-
ZONE1_EQ1,582,1,CV 1 OP station-
ZONE1_EQ1,583,1,CV 1 OP station-
ZONE1_EQ1,584,1,CV 1 OP station-
ZONE1_EQ1,585,1,CV 1 OP station-
ZONE1_EQ1,586,1,CV 1 OP station-
ZONE1_EQ1,587,1,CV 1 OP station-
ZONE1_EQ1,588,1,CV 1 OP station-
ZONE1_EQ1,589,1,CV 1 OP station-
ZONE1_EQ1,590,1,CV 1 OP station-
ZONE1_EQ1,591,1,CV 1 OP station-
ZONE1_EQ1,768,2,CV 2 HP station-Load sensor error
ZONE1_EQ1,769,2,CV 2 HP station-Abnormal pick and put error
ZONE1_EQ1,770,2,CV 2 HP station-The load does not match the ID
ZONE1_EQ1,771,2,CV 2 HP station-The inbox procedure timeout
ZONE1_EQ1,772,2,CV 2 HP station-Out of the box program timeout
ZONE1_EQ1,773,2,CV 2 HP station-Fork detects abnormality
ZONE1_EQ1,774,2,CV 2 HP station-Area detection abnormal
ZONE1_EQ1,775,2,CV 2 HP station-CST ID Report Timer
ZONE1_EQ1,776,2,CV 2 HP station-
ZONE1_EQ1,777,2,CV 2 HP station-
ZONE1_EQ1,778,2,CV 2 HP station-
ZONE1_EQ1,779,2,CV 2 HP station-
ZONE1_EQ1,780,2,CV 2 HP station-
ZONE1_EQ1,781,2,CV 2 HP station-
ZONE1_EQ1,782,2,CV 2 HP station-
ZONE1_EQ1,783,2,CV 2 HP station-Handshaking signal interrupted
ZONE1_EQ1,784,2,CV 2 HP station-Inbox T3 timeout
ZONE1_EQ1,785,2,CV 2 HP station-Inbox T6 timeout
ZONE1_EQ1,786,2,CV 2 HP station-Outbox of box T3 timeout
ZONE1_EQ1,787,2,CV 2 HP station-Outbox of box T6 timeout
ZONE1_EQ1,788,2,CV 2 HP station-Valid OFF (T1)
ZONE1_EQ1,789,2,CV 2 HP station-
ZONE1_EQ1,790,2,CV 2 HP station-
ZONE1_EQ1,791,2,CV 2 HP station-Trolley interference abnormal
ZONE1_EQ1,792,2,CV 2 HP station-Abnormal positioning of safety door
ZONE1_EQ1,793,2,CV 2 HP station-
ZONE1_EQ1,794,2,CV 2 HP station-
ZONE1_EQ1,795,2,CV 2 HP station-
ZONE1_EQ1,796,2,CV 2 HP station-Load sensor 1 error
ZONE1_EQ1,797,2,CV 2 HP station-Load sensor 2 error
ZONE1_EQ1,798,2,CV 2 HP station-Control sensor abnormalities
ZONE1_EQ1,799,2,CV 2 HP station-
ZONE1_EQ1,800,2,CV 2 HP station-
ZONE1_EQ1,801,2,CV 2 HP station-
ZONE1_EQ1,802,2,CV 2 HP station-
ZONE1_EQ1,803,2,CV 2 HP station-
ZONE1_EQ1,804,2,CV 2 HP station-
ZONE1_EQ1,805,2,CV 2 HP station-
ZONE1_EQ1,806,2,CV 2 HP station-
ZONE1_EQ1,807,2,CV 2 HP station-
ZONE1_EQ1,808,2,CV 2 HP station-
ZONE1_EQ1,809,2,CV 2 HP station-
ZONE1_EQ1,810,2,CV 2 HP station-
ZONE1_EQ1,811,2,CV 2 HP station-
ZONE1_EQ1,812,2,CV 2 HP station-
ZONE1_EQ1,813,2,CV 2 HP station-
ZONE1_EQ1,814,2,CV 2 HP station-
ZONE1_EQ1,815,2,CV 2 HP station-
ZONE1_EQ1,816,2,CV 2 HP station-
ZONE1_EQ1,817,2,CV 2 HP station-
ZONE1_EQ1,818,2,CV 2 HP station-
ZONE1_EQ1,819,2,CV 2 HP station-
ZONE1_EQ1,820,2,CV 2 HP station-
ZONE1_EQ1,821,2,CV 2 HP station-
ZONE1_EQ1,822,2,CV 2 HP station-
ZONE1_EQ1,823,2,CV 2 HP station-
ZONE1_EQ1,824,2,CV 2 HP station-
ZONE1_EQ1,825,2,CV 2 HP station-
ZONE1_EQ1,826,2,CV 2 HP station-
ZONE1_EQ1,827,2,CV 2 HP station-
ZONE1_EQ1,828,2,CV 2 HP station-
ZONE1_EQ1,829,2,CV 2 HP station-
ZONE1_EQ1,830,2,CV 2 HP station-
ZONE1_EQ1,831,2,CV 2 HP station-
ZONE1_EQ1,832,1,CV 2 HP station-BCR reading error
ZONE1_EQ1,833,1,CV 2 HP station-
ZONE1_EQ1,834,1,CV 2 HP station-
ZONE1_EQ1,835,1,CV 2 HP station-
ZONE1_EQ1,836,1,CV 2 HP station-
ZONE1_EQ1,837,1,CV 2 HP station-
ZONE1_EQ1,838,1,CV 2 HP station-
ZONE1_EQ1,839,1,CV 2 HP station-
ZONE1_EQ1,840,1,CV 2 HP station-
ZONE1_EQ1,841,1,CV 2 HP station-
ZONE1_EQ1,842,1,CV 2 HP station-
ZONE1_EQ1,843,1,CV 2 HP station-
ZONE1_EQ1,844,1,CV 2 HP station-
ZONE1_EQ1,845,1,CV 2 HP station-
ZONE1_EQ1,846,1,CV 2 HP station-
ZONE1_EQ1,847,1,CV 2 HP station-
ZONE1_EQ1,1024,2,CV 2 OP station-Load sensor error
ZONE1_EQ1,1025,2,CV 2 OP station-Abnormal pick and put error
ZONE1_EQ1,1026,2,CV 2 OP station-The load does not match the ID
ZONE1_EQ1,1027,2,CV 2 OP station-The inbox procedure timed out
ZONE1_EQ1,1028,2,CV 2 OP station-Out of the box program timed out
ZONE1_EQ1,1029,2,CV 2 OP station-Fork detects abnormality
ZONE1_EQ1,1030,2,CV 2 OP station-Area detects abnormality
ZONE1_EQ1,1031,2,CV 2 OP station-CST ID Report Timer
ZONE1_EQ1,1032,2,CV 2 OP station-
ZONE1_EQ1,1033,2,CV 2 OP station-
ZONE1_EQ1,1034,2,CV 2 OP station-
ZONE1_EQ1,1035,2,CV 2 OP station-
ZONE1_EQ1,1036,2,CV 2 OP station-
ZONE1_EQ1,1037,2,CV 2 OP station-
ZONE1_EQ1,1038,2,CV 2 OP station-
ZONE1_EQ1,1039,2,CV 2 OP station-Handshaking signal interrupted
ZONE1_EQ1,1040,2,CV 2 OP station-Inbox T3 timeout
ZONE1_EQ1,1041,2,CV 2 OP station-Inbox T6 timeout
ZONE1_EQ1,1042,2,CV 2 OP station-Outbox T3 timeout
ZONE1_EQ1,1043,2,CV 2 OP station-Outbox T6 timeout
ZONE1_EQ1,1044,2,CV 2 OP station-Valid OFF (T1)
ZONE1_EQ1,1045,2,CV 2 OP station-
ZONE1_EQ1,1046,2,CV 2 OP station-
ZONE1_EQ1,1047,2,CV 2 OP station-Trolley interference abnormal
ZONE1_EQ1,1048,2,CV 2 OP station-Safety door positioning abnormal
ZONE1_EQ1,1049,2,CV 2 OP station-
ZONE1_EQ1,1050,2,CV 2 OP station-
ZONE1_EQ1,1051,2,CV 2 OP station-
ZONE1_EQ1,1052,2,CV 2 OP station-Load sensor 1 error
ZONE1_EQ1,1053,2,CV 2 OP station-Load sensor 2 error
ZONE1_EQ1,1054,2,CV 2 OP Station-Abnormality with Contrast sensor
ZONE1_EQ1,1055,2,CV 2 OP station-
ZONE1_EQ1,1056,2,CV 2 OP station-
ZONE1_EQ1,1057,2,CV 2 OP station-
ZONE1_EQ1,1058,2,CV 2 OP station-
ZONE1_EQ1,1059,2,CV 2 OP station-
ZONE1_EQ1,1060,2,CV 2 OP station-
ZONE1_EQ1,1061,2,CV 2 OP station-
ZONE1_EQ1,1062,2,CV 2 OP station-
ZONE1_EQ1,1063,2,CV 2 OP station-
ZONE1_EQ1,1064,2,CV 2 OP station-
ZONE1_EQ1,1065,2,CV 2 OP station-
ZONE1_EQ1,1066,2,CV 2 OP station-
ZONE1_EQ1,1067,2,CV 2 OP station-
ZONE1_EQ1,1068,2,CV 2 OP station-
ZONE1_EQ1,1069,2,CV 2 OP station-
ZONE1_EQ1,1070,2,CV 2 OP station-
ZONE1_EQ1,1071,2,CV 2 OP station-
ZONE1_EQ1,1072,2,CV 2 OP station-
ZONE1_EQ1,1073,2,CV 2 OP station-
ZONE1_EQ1,1074,2,CV 2 OP station-
ZONE1_EQ1,1075,2,CV 2 OP station-
ZONE1_EQ1,1076,2,CV 2 OP station-
ZONE1_EQ1,1077,2,CV 2 OP station-
ZONE1_EQ1,1078,2,CV 2 OP station-
ZONE1_EQ1,1079,2,CV 2 OP station-
ZONE1_EQ1,1080,2,CV 2 OP station-
ZONE1_EQ1,1081,2,CV 2 OP station-
ZONE1_EQ1,1082,2,CV 2 OP station-
ZONE1_EQ1,1083,2,CV 2 OP station-
ZONE1_EQ1,1084,2,CV 2 OP station-
ZONE1_EQ1,1085,2,CV 2 OP station-
ZONE1_EQ1,1086,2,CV 2 OP station-
ZONE1_EQ1,1087,2,CV 2 OP station-
ZONE1_EQ1,1088,1,CV 2 OP station-BCR reading error
ZONE1_EQ1,1089,1,CV 2 OP station-
ZONE1_EQ1,1090,1,CV 2 OP station-
ZONE1_EQ1,1091,1,CV 2 OP station-
ZONE1_EQ1,1092,1,CV 2 OP station-
ZONE1_EQ1,1093,1,CV 2 OP station-
ZONE1_EQ1,1094,1,CV 2 OP station-
ZONE1_EQ1,1095,1,CV 2 OP station-
ZONE1_EQ1,1096,1,CV 2 OP station-
ZONE1_EQ1,1097,1,CV 2 OP station-
ZONE1_EQ1,1098,1,CV 2 OP station-
ZONE1_EQ1,1099,1,CV 2 OP station-
ZONE1_EQ1,1100,1,CV 2 OP station-
ZONE1_EQ1,1101,1,CV 2 OP station-
ZONE1_EQ1,1102,1,CV 2 OP station-
ZONE1_EQ1,1103,1,CV 2 OP station-
ZONE1_EQ1,1280,2,CV 3 HP station-Load sensor error
ZONE1_EQ1,1281,2,CV 3 HP station-Abnormal pick and put error
ZONE1_EQ1,1282,2,CV 3 HP station-The load does not match the ID
ZONE1_EQ1,1283,2,CV 3 HP station-The inbox procedure timeout
ZONE1_EQ1,1284,2,CV 3 HP station-Out of the box program timeout
ZONE1_EQ1,1285,2,CV 3 HP station-Fork detects abnormality
ZONE1_EQ1,1286,2,CV 3 HP station-Area detection abnormal
ZONE1_EQ1,1287,2,CV 3 HP station-CST ID Report Timer
ZONE1_EQ1,1288,2,CV 3 HP station-
ZONE1_EQ1,1289,2,CV 3 HP station-
ZONE1_EQ1,1290,2,CV 3 HP station-
ZONE1_EQ1,1291,2,CV 3 HP station-
ZONE1_EQ1,1292,2,CV 3 HP station-
ZONE1_EQ1,1293,2,CV 3 HP station-
ZONE1_EQ1,1294,2,CV 3 HP station-
ZONE1_EQ1,1295,2,CV 3 HP station-Handshaking signal interrupted
ZONE1_EQ1,1296,2,CV 3 HP station-Inbox T3 timeout
ZONE1_EQ1,1297,2,CV 3 HP station-Inbox T6 timeout
ZONE1_EQ1,1298,2,CV 3 HP station-Outbox of box T3 timeout
ZONE1_EQ1,1299,2,CV 3 HP station-Outbox of box T6 timeout
ZONE1_EQ1,1300,2,CV 3 HP station-Valid OFF (T1)
ZONE1_EQ1,1301,2,CV 3 HP station-
ZONE1_EQ1,1302,2,CV 3 HP station-
ZONE1_EQ1,1303,2,CV 3 HP station-Trolley interference abnormal
ZONE1_EQ1,1304,2,CV 3 HP station-Abnormal positioning of safety door
ZONE1_EQ1,1305,2,CV 3 HP station-
ZONE1_EQ1,1306,2,CV 3 HP station-
ZONE1_EQ1,1307,2,CV 3 HP station-
ZONE1_EQ1,1308,2,CV 3 HP station-Load sensor 1 error
ZONE1_EQ1,1309,2,CV 3 HP station-Load sensor 2 error
ZONE1_EQ1,1310,2,CV 3 HP station-Control sensor abnormalities
ZONE1_EQ1,1311,2,CV 3 HP station-
ZONE1_EQ1,1312,2,CV 3 HP station-
ZONE1_EQ1,1313,2,CV 3 HP station-
ZONE1_EQ1,1314,2,CV 3 HP station-
ZONE1_EQ1,1315,2,CV 3 HP station-
ZONE1_EQ1,1316,2,CV 3 HP station-
ZONE1_EQ1,1317,2,CV 3 HP station-
ZONE1_EQ1,1318,2,CV 3 HP station-
ZONE1_EQ1,1319,2,CV 3 HP station-
ZONE1_EQ1,1320,2,CV 3 HP station-
ZONE1_EQ1,1321,2,CV 3 HP station-
ZONE1_EQ1,1322,2,CV 3 HP station-
ZONE1_EQ1,1323,2,CV 3 HP station-
ZONE1_EQ1,1324,2,CV 3 HP station-
ZONE1_EQ1,1325,2,CV 3 HP station-
ZONE1_EQ1,1326,2,CV 3 HP station-
ZONE1_EQ1,1327,2,CV 3 HP station-
ZONE1_EQ1,1328,2,CV 3 HP station-
ZONE1_EQ1,1329,2,CV 3 HP station-
ZONE1_EQ1,1330,2,CV 3 HP station-
ZONE1_EQ1,1331,2,CV 3 HP station-
ZONE1_EQ1,1332,2,CV 3 HP station-
ZONE1_EQ1,1333,2,CV 3 HP station-
ZONE1_EQ1,1334,2,CV 3 HP station-
ZONE1_EQ1,1335,2,CV 3 HP station-
ZONE1_EQ1,1336,2,CV 3 HP station-
ZONE1_EQ1,1337,2,CV 3 HP station-
ZONE1_EQ1,1338,2,CV 3 HP station-
ZONE1_EQ1,1339,2,CV 3 HP station-
ZONE1_EQ1,1340,2,CV 3 HP station-
ZONE1_EQ1,1341,2,CV 3 HP station-
ZONE1_EQ1,1342,2,CV 3 HP station-
ZONE1_EQ1,1343,2,CV 3 HP station-
ZONE1_EQ1,1344,1,CV 3 HP station-BCR reading error
ZONE1_EQ1,1345,1,CV 3 HP station-
ZONE1_EQ1,1346,1,CV 3 HP station-
ZONE1_EQ1,1347,1,CV 3 HP station-
ZONE1_EQ1,1348,1,CV 3 HP station-
ZONE1_EQ1,1349,1,CV 3 HP station-
ZONE1_EQ1,1350,1,CV 3 HP station-
ZONE1_EQ1,1351,1,CV 3 HP station-
ZONE1_EQ1,1352,1,CV 3 HP station-
ZONE1_EQ1,1353,1,CV 3 HP station-
ZONE1_EQ1,1354,1,CV 3 HP station-
ZONE1_EQ1,1355,1,CV 3 HP station-
ZONE1_EQ1,1356,1,CV 3 HP station-
ZONE1_EQ1,1357,1,CV 3 HP station-
ZONE1_EQ1,1358,1,CV 3 HP station-
ZONE1_EQ1,1359,1,CV 3 HP station-
ZONE1_EQ1,1536,2,CV 3 OP station-Load sensor error
ZONE1_EQ1,1537,2,CV 3 OP station-Abnormal pick and put error
ZONE1_EQ1,1538,2,CV 3 OP station-The load does not match the ID
ZONE1_EQ1,1539,2,CV 3 OP station-The inbox procedure timed out
ZONE1_EQ1,1540,2,CV 3 OP station-Out of the box program timed out
ZONE1_EQ1,1541,2,CV 3 OP station-Fork detects abnormality
ZONE1_EQ1,1542,2,CV 3 OP station-Area detects abnormality
ZONE1_EQ1,1543,2,CV 3 OP station-CST ID Report Timer
ZONE1_EQ1,1544,2,CV 3 OP station-
ZONE1_EQ1,1545,2,CV 3 OP station-
ZONE1_EQ1,1546,2,CV 3 OP station-
ZONE1_EQ1,1547,2,CV 3 OP station-
ZONE1_EQ1,1548,2,CV 3 OP station-
ZONE1_EQ1,1549,2,CV 3 OP station-
ZONE1_EQ1,1550,2,CV 3 OP station-
ZONE1_EQ1,1551,2,CV 3 OP station-Handshaking signal interrupted
ZONE1_EQ1,1552,2,CV 3 OP station-Inbox T3 timeout
ZONE1_EQ1,1553,2,CV 3 OP station-Inbox T6 timeout
ZONE1_EQ1,1554,2,CV 3 OP station-Outbox T3 timeout
ZONE1_EQ1,1555,2,CV 3 OP station-Outbox T6 timeout
ZONE1_EQ1,1556,2,CV 3 OP station-Valid OFF (T1)
ZONE1_EQ1,1557,2,CV 3 OP station-
ZONE1_EQ1,1558,2,CV 3 OP station-
ZONE1_EQ1,1559,2,CV 3 OP station-Trolley interference abnormal
ZONE1_EQ1,1560,2,CV 3 OP station-Safety door positioning abnormal
ZONE1_EQ1,1561,2,CV 3 OP station-
ZONE1_EQ1,1562,2,CV 3 OP station-
ZONE1_EQ1,1563,2,CV 3 OP station-
ZONE1_EQ1,1564,2,CV 3 OP station-Load sensor 1 error
ZONE1_EQ1,1565,2,CV 3 OP station-Load sensor 2 error
ZONE1_EQ1,1566,2,CV 3 OP Station-Abnormality with Contrast sensor
ZONE1_EQ1,1567,2,CV 3 OP station-
ZONE1_EQ1,1568,2,CV 3 OP station-
ZONE1_EQ1,1569,2,CV 3 OP station-
ZONE1_EQ1,1570,2,CV 3 OP station-
ZONE1_EQ1,1571,2,CV 3 OP station-
ZONE1_EQ1,1572,2,CV 3 OP station-
ZONE1_EQ1,1573,2,CV 3 OP station-
ZONE1_EQ1,1574,2,CV 3 OP station-
ZONE1_EQ1,1575,2,CV 3 OP station-
ZONE1_EQ1,1576,2,CV 3 OP station-
ZONE1_EQ1,1577,2,CV 3 OP station-
ZONE1_EQ1,1578,2,CV 3 OP station-
ZONE1_EQ1,1579,2,CV 3 OP station-
ZONE1_EQ1,1580,2,CV 3 OP station-
ZONE1_EQ1,1581,2,CV 3 OP station-
ZONE1_EQ1,1582,2,CV 3 OP station-
ZONE1_EQ1,1583,2,CV 3 OP station-
ZONE1_EQ1,1584,2,CV 3 OP station-
ZONE1_EQ1,1585,2,CV 3 OP station-
ZONE1_EQ1,1586,2,CV 3 OP station-
ZONE1_EQ1,1587,2,CV 3 OP station-
ZONE1_EQ1,1588,2,CV 3 OP station-
ZONE1_EQ1,1589,2,CV 3 OP station-
ZONE1_EQ1,1590,2,CV 3 OP station-
ZONE1_EQ1,1591,2,CV 3 OP station-
ZONE1_EQ1,1592,2,CV 3 OP station-
ZONE1_EQ1,1593,2,CV 3 OP station-
ZONE1_EQ1,1594,2,CV 3 OP station-
ZONE1_EQ1,1595,2,CV 3 OP station-
ZONE1_EQ1,1596,2,CV 3 OP station-
ZONE1_EQ1,1597,2,CV 3 OP station-
ZONE1_EQ1,1598,2,CV 3 OP station-
ZONE1_EQ1,1599,2,CV 3 OP station-
ZONE1_EQ1,1600,1,CV 3 OP station-BCR reading error
ZONE1_EQ1,1601,1,CV 3 OP station-
ZONE1_EQ1,1602,1,CV 3 OP station-
ZONE1_EQ1,1603,1,CV 3 OP station-
ZONE1_EQ1,1604,1,CV 3 OP station-
ZONE1_EQ1,1605,1,CV 3 OP station-
ZONE1_EQ1,1606,1,CV 3 OP station-
ZONE1_EQ1,1607,1,CV 3 OP station-
ZONE1_EQ1,1608,1,CV 3 OP station-
ZONE1_EQ1,1609,1,CV 3 OP station-
ZONE1_EQ1,1610,1,CV 3 OP station-
ZONE1_EQ1,1611,1,CV 3 OP station-
ZONE1_EQ1,1612,1,CV 3 OP station-
ZONE1_EQ1,1613,1,CV 3 OP station-
ZONE1_EQ1,1614,1,CV 3 OP station-
ZONE1_EQ1,1615,1,CV 3 OP station-
ZONE1_EQ1,1792,2,CV 4 HP station-Load sensor error
ZONE1_EQ1,1793,2,CV 4 HP station-Abnormal pick and put error
ZONE1_EQ1,1794,2,CV 4 HP station-The load does not match the ID
ZONE1_EQ1,1795,2,CV 4 HP station-The inbox procedure timeout
ZONE1_EQ1,1796,2,CV 4 HP station-Out of the box program timeout
ZONE1_EQ1,1797,2,CV 4 HP station-Fork detects abnormality
ZONE1_EQ1,1798,2,CV 4 HP station-Area detection abnormal
ZONE1_EQ1,1799,2,CV 4 HP station-CST ID Report Timer
ZONE1_EQ1,1800,2,CV 4 HP station-
ZONE1_EQ1,1801,2,CV 4 HP station-
ZONE1_EQ1,1802,2,CV 4 HP station-
ZONE1_EQ1,1803,2,CV 4 HP station-
ZONE1_EQ1,1804,2,CV 4 HP station-
ZONE1_EQ1,1805,2,CV 4 HP station-
ZONE1_EQ1,1806,2,CV 4 HP station-
ZONE1_EQ1,1807,2,CV 4 HP station-Handshaking signal interrupted
ZONE1_EQ1,1808,2,CV 4 HP station-Inbox T3 timeout
ZONE1_EQ1,1809,2,CV 4 HP station-Inbox T6 timeout
ZONE1_EQ1,1810,2,CV 4 HP station-Outbox of box T3 timeout
ZONE1_EQ1,1811,2,CV 4 HP station-Outbox of box T6 timeout
ZONE1_EQ1,1812,2,CV 4 HP station-Valid OFF (T1)
ZONE1_EQ1,1813,2,CV 4 HP station-
ZONE1_EQ1,1814,2,CV 4 HP station-
ZONE1_EQ1,1815,2,CV 4 HP station-Trolley interference abnormal
ZONE1_EQ1,1816,2,CV 4 HP station-Abnormal positioning of safety door
ZONE1_EQ1,1817,2,CV 4 HP station-
ZONE1_EQ1,1818,2,CV 4 HP station-
ZONE1_EQ1,1819,2,CV 4 HP station-
ZONE1_EQ1,1820,2,CV 4 HP station-Load sensor 1 error
ZONE1_EQ1,1821,2,CV 4 HP station-Load sensor 2 error
ZONE1_EQ1,1822,2,CV 4 HP station-Control sensor abnormalities
ZONE1_EQ1,1823,2,CV 4 HP station-
ZONE1_EQ1,1824,2,CV 4 HP station-
ZONE1_EQ1,1825,2,CV 4 HP station-
ZONE1_EQ1,1826,2,CV 4 HP station-
ZONE1_EQ1,1827,2,CV 4 HP station-
ZONE1_EQ1,1828,2,CV 4 HP station-
ZONE1_EQ1,1829,2,CV 4 HP station-
ZONE1_EQ1,1830,2,CV 4 HP station-
ZONE1_EQ1,1831,2,CV 4 HP station-
ZONE1_EQ1,1832,2,CV 4 HP station-
ZONE1_EQ1,1833,2,CV 4 HP station-
ZONE1_EQ1,1834,2,CV 4 HP station-
ZONE1_EQ1,1835,2,CV 4 HP station-
ZONE1_EQ1,1836,2,CV 4 HP station-
ZONE1_EQ1,1837,2,CV 4 HP station-
ZONE1_EQ1,1838,2,CV 4 HP station-
ZONE1_EQ1,1839,2,CV 4 HP station-
ZONE1_EQ1,1840,2,CV 4 HP station-
ZONE1_EQ1,1841,2,CV 4 HP station-
ZONE1_EQ1,1842,2,CV 4 HP station-
ZONE1_EQ1,1843,2,CV 4 HP station-
ZONE1_EQ1,1844,2,CV 4 HP station-
ZONE1_EQ1,1845,2,CV 4 HP station-
ZONE1_EQ1,1846,2,CV 4 HP station-
ZONE1_EQ1,1847,2,CV 4 HP station-
ZONE1_EQ1,1848,2,CV 4 HP station-
ZONE1_EQ1,1849,2,CV 4 HP station-
ZONE1_EQ1,1850,2,CV 4 HP station-
ZONE1_EQ1,1851,2,CV 4 HP station-
ZONE1_EQ1,1852,2,CV 4 HP station-
ZONE1_EQ1,1853,2,CV 4 HP station-
ZONE1_EQ1,1854,2,CV 4 HP station-
ZONE1_EQ1,1855,2,CV 4 HP station-
ZONE1_EQ1,1856,1,CV 4 HP station-BCR reading error
ZONE1_EQ1,1857,1,CV 4 HP station-
ZONE1_EQ1,1858,1,CV 4 HP station-
ZONE1_EQ1,1859,1,CV 4 HP station-
ZONE1_EQ1,1860,1,CV 4 HP station-
ZONE1_EQ1,1861,1,CV 4 HP station-
ZONE1_EQ1,1862,1,CV 4 HP station-
ZONE1_EQ1,1863,1,CV 4 HP station-
ZONE1_EQ1,1864,1,CV 4 HP station-
ZONE1_EQ1,1865,1,CV 4 HP station-
ZONE1_EQ1,1866,1,CV 4 HP station-
ZONE1_EQ1,1867,1,CV 4 HP station-
ZONE1_EQ1,1868,1,CV 4 HP station-
ZONE1_EQ1,1869,1,CV 4 HP station-
ZONE1_EQ1,1870,1,CV 4 HP station-
ZONE1_EQ1,1871,1,CV 4 HP station-
ZONE1_EQ1,2048,2,CV 4 OP station-Load sensor error
ZONE1_EQ1,2049,2,CV 4 OP station-Abnormal pick and put error
ZONE1_EQ1,2050,2,CV 4 OP station-The load does not match the ID
ZONE1_EQ1,2051,2,CV 4 OP station-The inbox procedure timed out
ZONE1_EQ1,2052,2,CV 4 OP station-Out of the box program timed out
ZONE1_EQ1,2053,2,CV 4 OP station-Fork detects abnormality
ZONE1_EQ1,2054,2,CV 4 OP station-Area detects abnormality
ZONE1_EQ1,2055,2,CV 4 OP station-CST ID Report Timer
ZONE1_EQ1,2056,2,CV 4 OP station-
ZONE1_EQ1,2057,2,CV 4 OP station-
ZONE1_EQ1,2058,2,CV 4 OP station-
ZONE1_EQ1,2059,2,CV 4 OP station-
ZONE1_EQ1,2060,2,CV 4 OP station-
ZONE1_EQ1,2061,2,CV 4 OP station-
ZONE1_EQ1,2062,2,CV 4 OP station-
ZONE1_EQ1,2063,2,CV 4 OP station-Handshaking signal interrupted
ZONE1_EQ1,2064,2,CV 4 OP station-Inbox T3 timeout
ZONE1_EQ1,2065,2,CV 4 OP station-Inbox T6 timeout
ZONE1_EQ1,2066,2,CV 4 OP station-Outbox T3 timeout
ZONE1_EQ1,2067,2,CV 4 OP station-Outbox T6 timeout
ZONE1_EQ1,2068,2,CV 4 OP station-Valid OFF (T1)
ZONE1_EQ1,2069,2,CV 4 OP station-
ZONE1_EQ1,2070,2,CV 4 OP station-
ZONE1_EQ1,2071,2,CV 4 OP station-Trolley interference abnormal
ZONE1_EQ1,2072,2,CV 4 OP station-Safety door positioning abnormal
ZONE1_EQ1,2073,2,CV 4 OP station-
ZONE1_EQ1,2074,2,CV 4 OP station-
ZONE1_EQ1,2075,2,CV 4 OP station-
ZONE1_EQ1,2076,2,CV 4 OP station-Load sensor 1 error
ZONE1_EQ1,2077,2,CV 4 OP station-Load sensor 2 error
ZONE1_EQ1,2078,2,CV 4 OP Station-Abnormality with Contrast sensor
ZONE1_EQ1,2079,2,CV 4 OP station-
ZONE1_EQ1,2080,2,CV 4 OP station-
ZONE1_EQ1,2081,2,CV 4 OP station-
ZONE1_EQ1,2082,2,CV 4 OP station-
ZONE1_EQ1,2083,2,CV 4 OP station-
ZONE1_EQ1,2084,2,CV 4 OP station-
ZONE1_EQ1,2085,2,CV 4 OP station-
ZONE1_EQ1,2086,2,CV 4 OP station-
ZONE1_EQ1,2087,2,CV 4 OP station-
ZONE1_EQ1,2088,2,CV 4 OP station-
ZONE1_EQ1,2089,2,CV 4 OP station-
ZONE1_EQ1,2090,2,CV 4 OP station-
ZONE1_EQ1,2091,2,CV 4 OP station-
ZONE1_EQ1,2092,2,CV 4 OP station-
ZONE1_EQ1,2093,2,CV 4 OP station-
ZONE1_EQ1,2094,2,CV 4 OP station-
ZONE1_EQ1,2095,2,CV 4 OP station-
ZONE1_EQ1,2096,2,CV 4 OP station-
ZONE1_EQ1,2097,2,CV 4 OP station-
ZONE1_EQ1,2098,2,CV 4 OP station-
ZONE1_EQ1,2099,2,CV 4 OP station-
ZONE1_EQ1,2100,2,CV 4 OP station-
ZONE1_EQ1,2101,2,CV 4 OP station-
ZONE1_EQ1,2102,2,CV 4 OP station-
ZONE1_EQ1,2103,2,CV 4 OP station-
ZONE1_EQ1,2104,2,CV 4 OP station-
ZONE1_EQ1,2105,2,CV 4 OP station-
ZONE1_EQ1,2106,2,CV 4 OP station-
ZONE1_EQ1,2107,2,CV 4 OP station-
ZONE1_EQ1,2108,2,CV 4 OP station-
ZONE1_EQ1,2109,2,CV 4 OP station-
ZONE1_EQ1,2110,2,CV 4 OP station-
ZONE1_EQ1,2111,2,CV 4 OP station-
ZONE1_EQ1,2112,1,CV 4 OP station-BCR reading error
ZONE1_EQ1,2113,1,CV 4 OP station-
ZONE1_EQ1,2114,1,CV 4 OP station-
ZONE1_EQ1,2115,1,CV 4 OP station-
ZONE1_EQ1,2116,1,CV 4 OP station-
ZONE1_EQ1,2117,1,CV 4 OP station-
ZONE1_EQ1,2118,1,CV 4 OP station-
ZONE1_EQ1,2119,1,CV 4 OP station-
ZONE1_EQ1,2120,1,CV 4 OP station-
ZONE1_EQ1,2121,1,CV 4 OP station-
ZONE1_EQ1,2122,1,CV 4 OP station-
ZONE1_EQ1,2123,1,CV 4 OP station-
ZONE1_EQ1,2124,1,CV 4 OP station-
ZONE1_EQ1,2125,1,CV 4 OP station-
ZONE1_EQ1,2126,1,CV 4 OP station-
ZONE1_EQ1,2127,1,CV 4 OP station-
ZONE1_EQ1,2304,2,MGV 01-Load sensor error
ZONE1_EQ1,2305,2,MGV 01-Abnormal pick and put error
ZONE1_EQ1,2306,2,MGV 01-The charge does not match the ID
ZONE1_EQ1,2307,2,MGV 01-Loading procedure timed out
ZONE1_EQ1,2308,2,MGV 01-Outing of the box program timed out
ZONE1_EQ1,2309,2,MGV 01-Fork detects abnormality
ZONE1_EQ1,2310,2,MGV 01-Area detects abnormality
ZONE1_EQ1,2311,2,MGV 01-CST ID Report Timer
ZONE1_EQ1,2312,2,MGV 01-
ZONE1_EQ1,2313,2,MGV 01-
ZONE1_EQ1,2314,2,MGV 01-
ZONE1_EQ1,2315,2,MGV 01-
ZONE1_EQ1,2316,2,MGV 01-
ZONE1_EQ1,2317,2,MGV 01-
ZONE1_EQ1,2318,2,MGV 01-
ZONE1_EQ1,2319,2,MGV 01-Handshake signal interrupted
ZONE1_EQ1,2320,2,MGV 01-Inbox T3 timeout
ZONE1_EQ1,2321,2,MGV 01-Inbox T6 timeout
ZONE1_EQ1,2322,2,MGV 01-Outbox T3 timeout
ZONE1_EQ1,2323,2,MGV 01-Outbox T6 timeout
ZONE1_EQ1,2324,2,MGV 01-Valid OFF(T1)
ZONE1_EQ1,2325,2,MGV 01-
ZONE1_EQ1,2326,2,MGV 01-
ZONE1_EQ1,2327,2,MGV 01-Trolley interference is abnormal
ZONE1_EQ1,2328,2,MGV 01-Safety door positioning error
ZONE1_EQ1,2329,2,MGV 01-
ZONE1_EQ1,2330,2,MGV 01-
ZONE1_EQ1,2331,2,MGV 01-
ZONE1_EQ1,2332,2,MGV 01-Load sensor 1 error
ZONE1_EQ1,2333,2,MGV 01-Load sensor 2 error
ZONE1_EQ1,2334,2,MGV 01-Bearing control sensor abnormality
ZONE1_EQ1,2335,2,MGV 01-
ZONE1_EQ1,2336,2,MGV 01-
ZONE1_EQ1,2337,2,MGV 01-
ZONE1_EQ1,2338,2,MGV 01-
ZONE1_EQ1,2339,2,MGV 01-
ZONE1_EQ1,2340,2,MGV 01-
ZONE1_EQ1,2341,2,MGV 01-
ZONE1_EQ1,2342,2,MGV 01-
ZONE1_EQ1,2343,2,MGV 01-
ZONE1_EQ1,2344,2,MGV 01-
ZONE1_EQ1,2345,2,MGV 01-
ZONE1_EQ1,2346,2,MGV 01-
ZONE1_EQ1,2347,2,MGV 01-
ZONE1_EQ1,2348,2,MGV 01-
ZONE1_EQ1,2349,2,MGV 01-
ZONE1_EQ1,2350,2,MGV 01-
ZONE1_EQ1,2351,2,MGV 01-
ZONE1_EQ1,2352,2,MGV 01-
ZONE1_EQ1,2353,2,MGV 01-
ZONE1_EQ1,2354,2,MGV 01-
ZONE1_EQ1,2355,2,MGV 01-
ZONE1_EQ1,2356,2,MGV 01-
ZONE1_EQ1,2357,2,MGV 01-
ZONE1_EQ1,2358,2,MGV 01-
ZONE1_EQ1,2359,2,MGV 01-
ZONE1_EQ1,2360,2,MGV 01-
ZONE1_EQ1,2361,2,MGV 01-
ZONE1_EQ1,2362,2,MGV 01-
ZONE1_EQ1,2363,2,MGV 01-
ZONE1_EQ1,2364,2,MGV 01-
ZONE1_EQ1,2365,2,MGV 01-
ZONE1_EQ1,2366,2,MGV 01-
ZONE1_EQ1,2367,2,MGV 01-
ZONE1_EQ1,2368,1,MGV 01-BCR read error
ZONE1_EQ1,2369,1,MGV 01-
ZONE1_EQ1,2370,1,MGV 01-
ZONE1_EQ1,2371,1,MGV 01-
ZONE1_EQ1,2372,1,MGV 01-
ZONE1_EQ1,2373,1,MGV 01-
ZONE1_EQ1,2374,1,MGV 01-
ZONE1_EQ1,2375,1,MGV 01-
ZONE1_EQ1,2376,1,MGV 01-
ZONE1_EQ1,2377,1,MGV 01-
ZONE1_EQ1,2378,1,MGV 01-
ZONE1_EQ1,2379,1,MGV 01-
ZONE1_EQ1,2380,1,MGV 01-
ZONE1_EQ1,2381,1,MGV 01-
ZONE1_EQ1,2382,1,MGV 01-
ZONE1_EQ1,2383,1,MGV 01-
ZONE1_EQ1,2560,2,MGV 02-Load sensor error
ZONE1_EQ1,2561,2,MGV 02-Abnormal pick and put error
ZONE1_EQ1,2562,2,MGV 02-The charge does not match the ID
ZONE1_EQ1,2563,2,MGV 02-Loading procedure timed out
ZONE1_EQ1,2564,2,MGV 02-Outing of the box program timed out
ZONE1_EQ1,2565,2,MGV 02-Fork detects abnormality
ZONE1_EQ1,2566,2,MGV 02-Area detects abnormality
ZONE1_EQ1,2567,2,MGV 02-CST ID Report Timer
ZONE1_EQ1,2568,2,MGV 02-
ZONE1_EQ1,2569,2,MGV 02-
ZONE1_EQ1,2570,2,MGV 02-
ZONE1_EQ1,2571,2,MGV 02-
ZONE1_EQ1,2572,2,MGV 02-
ZONE1_EQ1,2573,2,MGV 02-
ZONE1_EQ1,2574,2,MGV 02-
ZONE1_EQ1,2575,2,MGV 02-Handshake signal interrupted
ZONE1_EQ1,2576,2,MGV 02-Inbox T3 timeout
ZONE1_EQ1,2577,2,MGV 02-Inbox T6 timeout
ZONE1_EQ1,2578,2,MGV 02-Outbox T3 timeout
ZONE1_EQ1,2579,2,MGV 02-Outbox T6 timeout
ZONE1_EQ1,2580,2,MGV 02-Valid OFF(T1)
ZONE1_EQ1,2581,2,MGV 02-
ZONE1_EQ1,2582,2,MGV 02-
ZONE1_EQ1,2583,2,MGV 02-Trolley interference is abnormal
ZONE1_EQ1,2584,2,MGV 02-Safety door positioning error
ZONE1_EQ1,2585,2,MGV 02-
ZONE1_EQ1,2586,2,MGV 02-
ZONE1_EQ1,2587,2,MGV 02-
ZONE1_EQ1,2588,2,MGV 02-Load sensor 1 error
ZONE1_EQ1,2589,2,MGV 02-Load sensor 2 error
ZONE1_EQ1,2590,2,MGV 02-Bearing control sensor abnormality
ZONE1_EQ1,2591,2,MGV 02-
ZONE1_EQ1,2592,2,MGV 02-
ZONE1_EQ1,2593,2,MGV 02-
ZONE1_EQ1,2594,2,MGV 02-
ZONE1_EQ1,2595,2,MGV 02-
ZONE1_EQ1,2596,2,MGV 02-
ZONE1_EQ1,2597,2,MGV 02-
ZONE1_EQ1,2598,2,MGV 02-
ZONE1_EQ1,2599,2,MGV 02-
ZONE1_EQ1,2600,2,MGV 02-
ZONE1_EQ1,2601,2,MGV 02-
ZONE1_EQ1,2602,2,MGV 02-
ZONE1_EQ1,2603,2,MGV 02-
ZONE1_EQ1,2604,2,MGV 02-
ZONE1_EQ1,2605,2,MGV 02-
ZONE1_EQ1,2606,2,MGV 02-
ZONE1_EQ1,2607,2,MGV 02-
ZONE1_EQ1,2608,2,MGV 02-
ZONE1_EQ1,2609,2,MGV 02-
ZONE1_EQ1,2610,2,MGV 02-
ZONE1_EQ1,2611,2,MGV 02-
ZONE1_EQ1,2612,2,MGV 02-
ZONE1_EQ1,2613,2,MGV 02-
ZONE1_EQ1,2614,2,MGV 02-
ZONE1_EQ1,2615,2,MGV 02-
ZONE1_EQ1,2616,2,MGV 02-
ZONE1_EQ1,2617,2,MGV 02-
ZONE1_EQ1,2618,2,MGV 02-
ZONE1_EQ1,2619,2,MGV 02-
ZONE1_EQ1,2620,2,MGV 02-
ZONE1_EQ1,2621,2,MGV 02-
ZONE1_EQ1,2622,2,MGV 02-
ZONE1_EQ1,2623,2,MGV 02-
ZONE1_EQ1,2624,1,MGV 02-BCR read error
ZONE1_EQ1,2625,1,MGV 02-
ZONE1_EQ1,2626,1,MGV 02-
ZONE1_EQ1,2627,1,MGV 02-
ZONE1_EQ1,2628,1,MGV 02-
ZONE1_EQ1,2629,1,MGV 02-
ZONE1_EQ1,2630,1,MGV 02-
ZONE1_EQ1,2631,1,MGV 02-
ZONE1_EQ1,2632,1,MGV 02-
ZONE1_EQ1,2633,1,MGV 02-
ZONE1_EQ1,2634,1,MGV 02-
ZONE1_EQ1,2635,1,MGV 02-
ZONE1_EQ1,2636,1,MGV 02-
ZONE1_EQ1,2637,1,MGV 02-
ZONE1_EQ1,2638,1,MGV 02-
ZONE1_EQ1,2639,1,MGV 02-
ZONE1_EQ1,2816,2,CV 1 stage-Load sensor error
ZONE1_EQ1,2817,2,CV 1 stage-Abnormal pick and put error
ZONE1_EQ1,2818,2,CV 1 stage-The load does not match the ID
ZONE1_EQ1,2819,2,CV 1 stage-Loading procedure timed out
ZONE1_EQ1,2820,2,CV 1 stage-Ejection procedure timed out
ZONE1_EQ1,2821,2,CV 1 stage-Lift axis is not in position
ZONE1_EQ1,2822,2,CV 1 stage-The rotation axis is not in position
ZONE1_EQ1,2823,2,CV 1 stage-The traveling axis has not reached the positioning
ZONE1_EQ1,2824,2,CV 1 stage-Loading T2 timeout
ZONE1_EQ1,2825,2,CV 1 stage-Loading T4 timeout
ZONE1_EQ1,2826,2,CV 1 stage-Loading T5 timeout
ZONE1_EQ1,2827,2,CV 1 stage-Outing T2 timeout
ZONE1_EQ1,2828,2,CV 1 stage-Outing T4 timeout
ZONE1_EQ1,2829,2,CV 1 stage-Outing T5 timeout
ZONE1_EQ1,2830,2,CV 1 stage-Loading T8 timeout
ZONE1_EQ1,2831,2,CV 1 stage-Outing T8 timeout
ZONE1_EQ1,2832,2,CV 1 stage-The servo axis is not fully restored
ZONE1_EQ1,2833,2,CV 1 stage-Travel position reset timeout
ZONE1_EQ1,2834,2,CV 1 stage-
ZONE1_EQ1,2835,2,CV 1 stage-
ZONE1_EQ1,2836,2,CV 1 stage-BF1 load sensor error
ZONE1_EQ1,2837,2,CV 1 stage-BF1 abnormal pick and put error
ZONE1_EQ1,2838,2,CV 1 stage-BF2 load sensor error
ZONE1_EQ1,2839,2,CV 1 stage-BF2 abnormal pick and put error
ZONE1_EQ1,2840,2,CV 1 stage-Waiting BF sensor error
ZONE1_EQ1,2841,2,CV 1 stage-Waiting BF abnormal pick and put error
ZONE1_EQ1,2842,2,CV 1 stage-Handshak Station abnormality occurred
ZONE1_EQ1,2843,2,CV 1 stage-
ZONE1_EQ1,2844,2,CV 1 stage-Servo of the traveling axis is error
ZONE1_EQ1,2845,2,CV 1 stage-Servo of lift axis is error
ZONE1_EQ1,2846,2,CV 1 stage-Servo of rotation axis error
ZONE1_EQ1,2847,2,CV 1 stage-Tilt detection error
ZONE1_EQ1,2848,2,CV 1 stage-Limit in front of the traveling axis error
ZONE1_EQ1,2849,2,CV 1 stage-Limit after traveling axis error
ZONE1_EQ1,2850,2,CV 1 stage-Up limit on the lifting axis is error
ZONE1_EQ1,2851,2,CV 1 stage-Down limit of the lifting axis is error
ZONE1_EQ1,2852,2,CV 1 stage-Limit in front of the rotating axis error
ZONE1_EQ1,2853,2,CV 1 stage-Limit after rotating axis error
ZONE1_EQ1,2854,2,CV 1 stage-
ZONE1_EQ1,2855,2,CV 1 stage-Return to the origin of the lifting axis error
ZONE1_EQ1,2856,2,CV 1 stage-All axis return to origin error
ZONE1_EQ1,2857,2,CV 1 stage-
ZONE1_EQ1,2858,2,CV 1 stage-
ZONE1_EQ1,2859,2,CV 1 stage-
ZONE1_EQ1,2860,2,CV 1 stage-
ZONE1_EQ1,2861,2,CV 1 stage-
ZONE1_EQ1,2862,2,CV 1 stage-Safety door 1 positioning error
ZONE1_EQ1,2863,2,CV 1 stage-Safety door 2 positioning error
ZONE1_EQ1,2864,2,CV 1 stage-
ZONE1_EQ1,2865,2,CV 1 stage-
ZONE1_EQ1,2866,2,CV 1 stage-
ZONE1_EQ1,2867,2,CV 1 stage-
ZONE1_EQ1,2868,2,CV 1 stage-
ZONE1_EQ1,2869,2,CV 1 stage-
ZONE1_EQ1,2870,2,CV 1 stage-
ZONE1_EQ1,2871,2,CV 1 stage-
ZONE1_EQ1,2872,2,CV 1 stage-
ZONE1_EQ1,2873,2,CV 1 stage-
ZONE1_EQ1,2874,2,CV 1 stage-
ZONE1_EQ1,2875,2,CV 1 stage-
ZONE1_EQ1,2876,2,CV 1 stage-
ZONE1_EQ1,2877,2,CV 1 stage-
ZONE1_EQ1,2878,2,CV 1 stage-
ZONE1_EQ1,2879,2,CV 1 stage-
ZONE1_EQ1,2880,1,CV 1 stage-
ZONE1_EQ1,2881,1,CV 1 stage-
ZONE1_EQ1,2882,1,CV 1 stage-
ZONE1_EQ1,2883,1,CV 1 stage-
ZONE1_EQ1,2884,1,CV 1 stage-
ZONE1_EQ1,2885,1,CV 1 stage-
ZONE1_EQ1,2886,1,CV 1 stage-
ZONE1_EQ1,2887,1,CV 1 stage-
ZONE1_EQ1,2888,1,CV 1 stage-
ZONE1_EQ1,2889,1,CV 1 stage-
ZONE1_EQ1,2890,1,CV 1 stage-
ZONE1_EQ1,2891,1,CV 1 stage-
ZONE1_EQ1,2892,1,CV 1 stage-
ZONE1_EQ1,2893,1,CV 1 stage-
ZONE1_EQ1,2894,1,CV 1 stage-
ZONE1_EQ1,2895,1,CV 1 stage-
ZONE1_EQ1,3072,2,CV 2 stage-Load sensor error
ZONE1_EQ1,3073,2,CV 2 stage-Abnormal pick and put error
ZONE1_EQ1,3074,2,CV 2 stage-The load does not match the ID
ZONE1_EQ1,3075,2,CV 2 stage-Loading procedure timed out
ZONE1_EQ1,3076,2,CV 2 stage-Ejection procedure timed out
ZONE1_EQ1,3077,2,CV 2 stage-Lift axis is not in position
ZONE1_EQ1,3078,2,CV 2 stage-The rotation axis is not in position
ZONE1_EQ1,3079,2,CV 2 stage-The traveling axis has not reached the positioning
ZONE1_EQ1,3080,2,CV 2 stage-Loading T2 timeout
ZONE1_EQ1,3081,2,CV 2 stage-Loading T4 timeout
ZONE1_EQ1,3082,2,CV 2 stage-Loading T5 timeout
ZONE1_EQ1,3083,2,CV 2 stage-Outing T2 timeout
ZONE1_EQ1,3084,2,CV 2 stage-Outing T4 timeout
ZONE1_EQ1,3085,2,CV 2 stage-Outing T5 timeout
ZONE1_EQ1,3086,2,CV 2 stage-Loading T8 timeout
ZONE1_EQ1,3087,2,CV 2 stage-Outing T8 timeout
ZONE1_EQ1,3088,2,CV 2 stage-The servo axis is not fully restored
ZONE1_EQ1,3089,2,CV 2 stage-Travel position reset timeout
ZONE1_EQ1,3090,2,CV 2 stage-
ZONE1_EQ1,3091,2,CV 2 stage-
ZONE1_EQ1,3092,2,CV 2 stage-BF1 load sensor error
ZONE1_EQ1,3093,2,CV 2 stage-BF1 abnormal pick and put error
ZONE1_EQ1,3094,2,CV 2 stage-BF2 load sensor error
ZONE1_EQ1,3095,2,CV 2 stage-BF2 abnormal pick and put error
ZONE1_EQ1,3096,2,CV 2 stage-Waiting BF sensor error
ZONE1_EQ1,3097,2,CV 2 stage-Waiting BF abnormal pick and put error
ZONE1_EQ1,3098,2,CV 2 stage-Handshak Station abnormality occurred
ZONE1_EQ1,3099,2,CV 2 stage-
ZONE1_EQ1,3100,2,CV 2 stage-Servo of the traveling axis is error
ZONE1_EQ1,3101,2,CV 2 stage-Servo of lift axis is error
ZONE1_EQ1,3102,2,CV 2 stage-Servo of rotation axis error
ZONE1_EQ1,3103,2,CV 2 stage-Tilt detection error
ZONE1_EQ1,3104,2,CV 2 stage-Limit in front of the traveling axis error
ZONE1_EQ1,3105,2,CV 2 stage-Limit after traveling axis error
ZONE1_EQ1,3106,2,CV 2 stage-Up limit on the lifting axis is error
ZONE1_EQ1,3107,2,CV 2 stage-Down limit of the lifting axis is error
ZONE1_EQ1,3108,2,CV 2 stage-Limit in front of the rotating axis error
ZONE1_EQ1,3109,2,CV 2 stage-Limit after rotating axis error
ZONE1_EQ1,3110,2,CV 2 stage-
ZONE1_EQ1,3111,2,CV 2 stage-Return to the origin of the lifting axis error
ZONE1_EQ1,3112,2,CV 2 stage-All axis return to origin error
ZONE1_EQ1,3113,2,CV 2 stage-
ZONE1_EQ1,3114,2,CV 2 stage-
ZONE1_EQ1,3115,2,CV 2 stage-
ZONE1_EQ1,3116,2,CV 2 stage-
ZONE1_EQ1,3117,2,CV 2 stage-
ZONE1_EQ1,3118,2,CV 2 stage-Safety door 1 positioning error
ZONE1_EQ1,3119,2,CV 2 stage-Safety door 2 positioning error
ZONE1_EQ1,3120,2,CV 2 stage-
ZONE1_EQ1,3121,2,CV 2 stage-
ZONE1_EQ1,3122,2,CV 2 stage-
ZONE1_EQ1,3123,2,CV 2 stage-
ZONE1_EQ1,3124,2,CV 2 stage-
ZONE1_EQ1,3125,2,CV 2 stage-
ZONE1_EQ1,3126,2,CV 2 stage-
ZONE1_EQ1,3127,2,CV 2 stage-
ZONE1_EQ1,3128,2,CV 2 stage-
ZONE1_EQ1,3129,2,CV 2 stage-
ZONE1_EQ1,3130,2,CV 2 stage-
ZONE1_EQ1,3131,2,CV 2 stage-
ZONE1_EQ1,3132,2,CV 2 stage-
ZONE1_EQ1,3133,2,CV 2 stage-
ZONE1_EQ1,3134,2,CV 2 stage-
ZONE1_EQ1,3135,2,CV 2 stage-
ZONE1_EQ1,3136,1,CV 2 stage-
ZONE1_EQ1,3137,1,CV 2 stage-
ZONE1_EQ1,3138,1,CV 2 stage-
ZONE1_EQ1,3139,1,CV 2 stage-
ZONE1_EQ1,3140,1,CV 2 stage-
ZONE1_EQ1,3141,1,CV 2 stage-
ZONE1_EQ1,3142,1,CV 2 stage-
ZONE1_EQ1,3143,1,CV 2 stage-
ZONE1_EQ1,3144,1,CV 2 stage-
ZONE1_EQ1,3145,1,CV 2 stage-
ZONE1_EQ1,3146,1,CV 2 stage-
ZONE1_EQ1,3147,1,CV 2 stage-
ZONE1_EQ1,3148,1,CV 2 stage-
ZONE1_EQ1,3149,1,CV 2 stage-
ZONE1_EQ1,3150,1,CV 2 stage-
ZONE1_EQ1,3151,1,CV 2 stage-
ZONE1_EQ1,3328,2,CV 3 stage-Load sensor error
ZONE1_EQ1,3329,2,CV 3 stage-Abnormal pick and put error
ZONE1_EQ1,3330,2,CV 3 stage-The load does not match the ID
ZONE1_EQ1,3331,2,CV 3 stage-Loading procedure timed out
ZONE1_EQ1,3332,2,CV 3 stage-Ejection procedure timed out
ZONE1_EQ1,3333,2,CV 3 stage-Lift axis is not in position
ZONE1_EQ1,3334,2,CV 3 stage-The rotation axis is not in position
ZONE1_EQ1,3335,2,CV 3 stage-The traveling axis has not reached the positioning
ZONE1_EQ1,3336,2,CV 3 stage-Loading T2 timeout
ZONE1_EQ1,3337,2,CV 3 stage-Loading T4 timeout
ZONE1_EQ1,3338,2,CV 3 stage-Loading T5 timeout
ZONE1_EQ1,3339,2,CV 3 stage-Outing T2 timeout
ZONE1_EQ1,3340,2,CV 3 stage-Outing T4 timeout
ZONE1_EQ1,3341,2,CV 3 stage-Outing T5 timeout
ZONE1_EQ1,3342,2,CV 3 stage-Loading T8 timeout
ZONE1_EQ1,3343,2,CV 3 stage-Outing T8 timeout
ZONE1_EQ1,3344,2,CV 3 stage-The servo axis is not fully restored
ZONE1_EQ1,3345,2,CV 3 stage-Travel position reset timeout
ZONE1_EQ1,3346,2,CV 3 stage-
ZONE1_EQ1,3347,2,CV 3 stage-
ZONE1_EQ1,3348,2,CV 3 stage-BF1 load sensor error
ZONE1_EQ1,3349,2,CV 3 stage-BF1 abnormal pick and put error
ZONE1_EQ1,3350,2,CV 3 stage-BF2 load sensor error
ZONE1_EQ1,3351,2,CV 3 stage-BF2 abnormal pick and put error
ZONE1_EQ1,3352,2,CV 3 stage-Waiting BF sensor error
ZONE1_EQ1,3353,2,CV 3 stage-Waiting BF abnormal pick and put error
ZONE1_EQ1,3354,2,CV 3 stage-Handshak Station abnormality occurred
ZONE1_EQ1,3355,2,CV 3 stage-
ZONE1_EQ1,3356,2,CV 3 stage-Servo of the traveling axis is error
ZONE1_EQ1,3357,2,CV 3 stage-Servo of lift axis is error
ZONE1_EQ1,3358,2,CV 3 stage-Servo of rotation axis error
ZONE1_EQ1,3359,2,CV 3 stage-Tilt detection error
ZONE1_EQ1,3360,2,CV 3 stage-Limit in front of the traveling axis error
ZONE1_EQ1,3361,2,CV 3 stage-Limit after traveling axis error
ZONE1_EQ1,3362,2,CV 3 stage-Up limit on the lifting axis is error
ZONE1_EQ1,3363,2,CV 3 stage-Down limit of the lifting axis is error
ZONE1_EQ1,3364,2,CV 3 stage-Limit in front of the rotating axis error
ZONE1_EQ1,3365,2,CV 3 stage-Limit after rotating axis error
ZONE1_EQ1,3366,2,CV 3 stage-
ZONE1_EQ1,3367,2,CV 3 stage-Return to the origin of the lifting axis error
ZONE1_EQ1,3368,2,CV 3 stage-All axis return to origin error
ZONE1_EQ1,3369,2,CV 3 stage-
ZONE1_EQ1,3370,2,CV 3 stage-
ZONE1_EQ1,3371,2,CV 3 stage-
ZONE1_EQ1,3372,2,CV 3 stage-
ZONE1_EQ1,3373,2,CV 3 stage-
ZONE1_EQ1,3374,2,CV 3 stage-Safety door 1 positioning error
ZONE1_EQ1,3375,2,CV 3 stage-Safety door 2 positioning error
ZONE1_EQ1,3376,2,CV 3 stage-
ZONE1_EQ1,3377,2,CV 3 stage-
ZONE1_EQ1,3378,2,CV 3 stage-
ZONE1_EQ1,3379,2,CV 3 stage-
ZONE1_EQ1,3380,2,CV 3 stage-
ZONE1_EQ1,3381,2,CV 3 stage-
ZONE1_EQ1,3382,2,CV 3 stage-
ZONE1_EQ1,3383,2,CV 3 stage-
ZONE1_EQ1,3384,2,CV 3 stage-
ZONE1_EQ1,3385,2,CV 3 stage-
ZONE1_EQ1,3386,2,CV 3 stage-
ZONE1_EQ1,3387,2,CV 3 stage-
ZONE1_EQ1,3388,2,CV 3 stage-
ZONE1_EQ1,3389,2,CV 3 stage-
ZONE1_EQ1,3390,2,CV 3 stage-
ZONE1_EQ1,3391,2,CV 3 stage-
ZONE1_EQ1,3392,1,CV 3 stage-
ZONE1_EQ1,3393,1,CV 3 stage-
ZONE1_EQ1,3394,1,CV 3 stage-
ZONE1_EQ1,3395,1,CV 3 stage-
ZONE1_EQ1,3396,1,CV 3 stage-
ZONE1_EQ1,3397,1,CV 3 stage-
ZONE1_EQ1,3398,1,CV 3 stage-
ZONE1_EQ1,3399,1,CV 3 stage-
ZONE1_EQ1,3400,1,CV 3 stage-
ZONE1_EQ1,3401,1,CV 3 stage-
ZONE1_EQ1,3402,1,CV 3 stage-
ZONE1_EQ1,3403,1,CV 3 stage-
ZONE1_EQ1,3404,1,CV 3 stage-
ZONE1_EQ1,3405,1,CV 3 stage-
ZONE1_EQ1,3406,1,CV 3 stage-
ZONE1_EQ1,3407,1,CV 3 stage-
ZONE1_EQ1,3584,2,CV 4 stage-Load sensor error
ZONE1_EQ1,3585,2,CV 4 stage-Abnormal pick and put error
ZONE1_EQ1,3586,2,CV 4 stage-The load does not match the ID
ZONE1_EQ1,3587,2,CV 4 stage-Loading procedure timed out
ZONE1_EQ1,3588,2,CV 4 stage-Ejection procedure timed out
ZONE1_EQ1,3589,2,CV 4 stage-Lift axis is not in position
ZONE1_EQ1,3590,2,CV 4 stage-The rotation axis is not in position
ZONE1_EQ1,3591,2,CV 4 stage-The traveling axis has not reached the positioning
ZONE1_EQ1,3592,2,CV 4 stage-Loading T2 timeout
ZONE1_EQ1,3593,2,CV 4 stage-Loading T4 timeout
ZONE1_EQ1,3594,2,CV 4 stage-Loading T5 timeout
ZONE1_EQ1,3595,2,CV 4 stage-Outing T2 timeout
ZONE1_EQ1,3596,2,CV 4 stage-Outing T4 timeout
ZONE1_EQ1,3597,2,CV 4 stage-Outing T5 timeout
ZONE1_EQ1,3598,2,CV 4 stage-Loading T8 timeout
ZONE1_EQ1,3599,2,CV 4 stage-Outing T8 timeout
ZONE1_EQ1,3600,2,CV 4 stage-The servo axis is not fully restored
ZONE1_EQ1,3601,2,CV 4 stage-Travel position reset timeout
ZONE1_EQ1,3602,2,CV 4 stage-
ZONE1_EQ1,3603,2,CV 4 stage-
ZONE1_EQ1,3604,2,CV 4 stage-BF1 load sensor error
ZONE1_EQ1,3605,2,CV 4 stage-BF1 abnormal pick and put error
ZONE1_EQ1,3606,2,CV 4 stage-BF2 load sensor error
ZONE1_EQ1,3607,2,CV 4 stage-BF2 abnormal pick and put error
ZONE1_EQ1,3608,2,CV 4 stage-Waiting BF sensor error
ZONE1_EQ1,3609,2,CV 4 stage-Waiting BF abnormal pick and put error
ZONE1_EQ1,3610,2,CV 4 stage-Handshak Station abnormality occurred
ZONE1_EQ1,3611,2,CV 4 stage-
ZONE1_EQ1,3612,2,CV 4 stage-Servo of the traveling axis is error
ZONE1_EQ1,3613,2,CV 4 stage-Servo of lift axis is error
ZONE1_EQ1,3614,2,CV 4 stage-Servo of rotation axis error
ZONE1_EQ1,3615,2,CV 4 stage-Tilt detection error
ZONE1_EQ1,3616,2,CV 4 stage-Limit in front of the traveling axis error
ZONE1_EQ1,3617,2,CV 4 stage-Limit after traveling axis error
ZONE1_EQ1,3618,2,CV 4 stage-Up limit on the lifting axis is error
ZONE1_EQ1,3619,2,CV 4 stage-Down limit of the lifting axis is error
ZONE1_EQ1,3620,2,CV 4 stage-Limit in front of the rotating axis error
ZONE1_EQ1,3621,2,CV 4 stage-Limit after rotating axis error
ZONE1_EQ1,3622,2,CV 4 stage-
ZONE1_EQ1,3623,2,CV 4 stage-Return to the origin of the lifting axis error
ZONE1_EQ1,3624,2,CV 4 stage-All axis return to origin error
ZONE1_EQ1,3625,2,CV 4 stage-
ZONE1_EQ1,3626,2,CV 4 stage-
ZONE1_EQ1,3627,2,CV 4 stage-
ZONE1_EQ1,3628,2,CV 4 stage-
ZONE1_EQ1,3629,2,CV 4 stage-
ZONE1_EQ1,3630,2,CV 4 stage-Safety door 1 positioning error
ZONE1_EQ1,3631,2,CV 4 stage-Safety door 2 positioning error
ZONE1_EQ1,3632,2,CV 4 stage-
ZONE1_EQ1,3633,2,CV 4 stage-
ZONE1_EQ1,3634,2,CV 4 stage-
ZONE1_EQ1,3635,2,CV 4 stage-
ZONE1_EQ1,3636,2,CV 4 stage-
ZONE1_EQ1,3637,2,CV 4 stage-
ZONE1_EQ1,3638,2,CV 4 stage-
ZONE1_EQ1,3639,2,CV 4 stage-
ZONE1_EQ1,3640,2,CV 4 stage-
ZONE1_EQ1,3641,2,CV 4 stage-
ZONE1_EQ1,3642,2,CV 4 stage-
ZONE1_EQ1,3643,2,CV 4 stage-
ZONE1_EQ1,3644,2,CV 4 stage-
ZONE1_EQ1,3645,2,CV 4 stage-
ZONE1_EQ1,3646,2,CV 4 stage-
ZONE1_EQ1,3647,2,CV 4 stage-
ZONE1_EQ1,3648,1,CV 4 stage-
ZONE1_EQ1,3649,1,CV 4 stage-
ZONE1_EQ1,3650,1,CV 4 stage-
ZONE1_EQ1,3651,1,CV 4 stage-
ZONE1_EQ1,3652,1,CV 4 stage-
ZONE1_EQ1,3653,1,CV 4 stage-
ZONE1_EQ1,3654,1,CV 4 stage-
ZONE1_EQ1,3655,1,CV 4 stage-
ZONE1_EQ1,3656,1,CV 4 stage-
ZONE1_EQ1,3657,1,CV 4 stage-
ZONE1_EQ1,3658,1,CV 4 stage-
ZONE1_EQ1,3659,1,CV 4 stage-
ZONE1_EQ1,3660,1,CV 4 stage-
ZONE1_EQ1,3661,1,CV 4 stage-
ZONE1_EQ1,3662,1,CV 4 stage-
ZONE1_EQ1,3663,1,CV 4 stage-
OHT_NODE,100001,1,`Warn
OHT_NODE,100002,1,CPU0v`Warn
OHT_NODE,100003,1,CPU1v`Warn
OHT_NODE,100004,1,CPU2v`Warn
OHT_NODE,100005,1,CPU3v`Warn
OHT_NODE,100006,1,Ov`Warn
OHT_NODE,100007,1,MRAM`Warn
OHT_NODE,100008,1,Driver Layer {L^Warn
OHT_NODE,100009,1,SDd`Warn
OHT_NODE,100010,1,t10_GP CAD ssuWarn
OHT_NODE,100011,1,t11Warn
OHT_NODE,100012,1,t12Warn
OHT_NODE,100013,1,t13Warn
OHT_NODE,100014,1,t14Warn
OHT_NODE,100015,1,t15Warn
OHT_NODE,100016,1,t16Warn
OHT_NODE,100017,1,t17Warn
OHT_NODE,100018,1,t18Warn
OHT_NODE,100019,1,t19Warn
OHT_NODE,100020,1,t20Warn
OHT_NODE,100021,1,t21Warn
OHT_NODE,100022,1,t22Warn
OHT_NODE,100023,1,t23Warn
OHT_NODE,100024,1,t24Warn
OHT_NODE,100025,1,t25Warn
OHT_NODE,100026,1,t26Warn
OHT_NODE,100027,1,t27Warn
OHT_NODE,100028,1,t28Warn
OHT_NODE,100029,1,t29Warn
OHT_NODE,100030,1,t30Warn
OHT_NODE,100031,1,t31Warn
OHT_NODE,100032,1,t32Warn
OHT_NODE,100033,1,t33Warn
OHT_NODE,100034,1,t34Warn
OHT_NODE,100035,1,t35Warn
OHT_NODE,100036,1,t36Warn
OHT_NODE,100037,1,t37Warn
OHT_NODE,100038,1,t38Warn
OHT_NODE,100039,1,t39Warn
OHT_NODE,100040,1,t40Warn
OHT_NODE,100041,1,t41Warn
OHT_NODE,100042,1,t42Warn
OHT_NODE,100043,1,t43Warn
OHT_NODE,100044,1,t44Warn
OHT_NODE,100045,1,t45Warn
OHT_NODE,100046,1,t46Warn
OHT_NODE,100047,1,t47Warn
OHT_NODE,100048,1,t48Warn
OHT_NODE,100049,1,t49Warn
OHT_NODE,100050,1,t50Warn
OHT_NODE,100051,1,t51Warn
OHT_NODE,100052,1,t52Warn
OHT_NODE,100053,1,t53Warn
OHT_NODE,100054,1,t54Warn
OHT_NODE,100055,1,t55Warn
OHT_NODE,100056,1,t56Warn
OHT_NODE,100057,1,t57Warn
OHT_NODE,100058,1,t58Warn
OHT_NODE,100059,1,t59Warn
OHT_NODE,100060,1,t60Warn
OHT_NODE,100061,1,t61Warn
OHT_NODE,100062,1,t62Warn
OHT_NODE,100063,1,t63Warn
OHT_NODE,100064,1,t64Warn
OHT_NODE,100065,1,t65Warn
OHT_NODE,100066,1,t66Warn
OHT_NODE,100067,1,t67Warn
OHT_NODE,100068,1,t68Warn
OHT_NODE,100069,1,t69Warn
OHT_NODE,100070,1,t70Warn
OHT_NODE,100071,1,t71Warn
OHT_NODE,100072,1,t72Warn
OHT_NODE,100073,1,t73Warn
OHT_NODE,100074,1,t74Warn
OHT_NODE,100075,1,t75Warn
OHT_NODE,100076,1,t76Warn
OHT_NODE,100077,1,t77Warn
OHT_NODE,100078,1,t78Warn
OHT_NODE,100079,1,t79Warn
OHT_NODE,100080,1,t80Warn
OHT_NODE,100081,1,t81Warn
OHT_NODE,100082,1,t82Warn
OHT_NODE,100083,1,t83Warn
OHT_NODE,100084,1,t84Warn
OHT_NODE,100085,1,t85Warn
OHT_NODE,100086,1,t86Warn
OHT_NODE,100087,1,t87Warn
OHT_NODE,100088,1,t88Warn
OHT_NODE,100089,1,t89Warn
OHT_NODE,100090,1,t90Warn
OHT_NODE,100091,1,t91Warn
OHT_NODE,100092,1,t92Warn
OHT_NODE,100093,1,t93Warn
OHT_NODE,100094,1,t94Warn
OHT_NODE,100095,1,t95Warn
OHT_NODE,100096,1,t96Warn
OHT_NODE,100097,1,t97Warn
OHT_NODE,100098,1,t98Warn
OHT_NODE,100099,1,t99Warn
OHT_NODE,100100,1,t100Warn
OHT_NODE,100101,1,X1 qT`Warn
OHT_NODE,100102,1,X2 qT`Warn
OHT_NODE,100103,1,X3 qT`Warn
OHT_NODE,100104,1,X4 qT`Warn
OHT_NODE,100105,1,X5 qT`Warn
OHT_NODE,100106,1,X6 qT`Warn
OHT_NODE,100107,1,X7 qT`Warn
OHT_NODE,100108,1,X8 qT`Warn
OHT_NODE,100109,1,X9 qT`Warn
OHT_NODE,100110,1,X10 qT`Warn
OHT_NODE,100111,1,X11 qT`Warn
OHT_NODE,100112,1,X12 qT`Warn
OHT_NODE,100113,1,X13 qT`Warn
OHT_NODE,100114,1,X14 qT`Warn
OHT_NODE,100115,1,X15 qT`Warn
OHT_NODE,100116,1,X16 qT`Warn
OHT_NODE,100117,1,X17 qT`Warn
OHT_NODE,100118,1,X18 qT`Warn
OHT_NODE,100119,1,X19 qT`Warn
OHT_NODE,100120,1,X20 qT`Warn
OHT_NODE,100121,1,q1 qT`Warn
OHT_NODE,100122,1,q2 qT`Warn
OHT_NODE,100123,1,q3 qT`Warn
OHT_NODE,100124,1,q4 qT`Warn
OHT_NODE,100125,1,q5 qT`Warn
OHT_NODE,100126,1,q6 qT`Warn
OHT_NODE,100127,1,q7 qT`Warn
OHT_NODE,100128,1,q8 qT`Warn
OHT_NODE,100129,1,q9 qT`Warn
OHT_NODE,100130,1,q10 qT`Warn
OHT_NODE,100131,1,Sensor1 qT`Warn
OHT_NODE,100132,1,Sensor2 qT`Warn
OHT_NODE,100133,1,Sensor3 qT`_Keyence Barcode readerqT`Warn
OHT_NODE,100134,1,Sensor4 qT`Warn
OHT_NODE,100135,1,Sensor5 qT`Warn
OHT_NODE,100136,1,Sensor6 qT`Warn
OHT_NODE,100137,1,Sensor7 qT`Warn
OHT_NODE,100138,1,Sensor8 qT`Warn
OHT_NODE,100139,1,Sensor9 qT`Warn
OHT_NODE,100140,1,Sensor10 qT`Warn
OHT_NODE,100141,1,I/O1 qT`Warn
OHT_NODE,100142,1,I/O2 qT`Warn
OHT_NODE,100143,1,I/O3 qT`Warn
OHT_NODE,100144,1,I/O4 qT`Warn
OHT_NODE,100145,1,I/O5 qT`Warn
OHT_NODE,100146,1,I/O6 qT`Warn
OHT_NODE,100147,1,I/O7 qT`Warn
OHT_NODE,100148,1,I/O8 qT`Warn
OHT_NODE,100149,1,I/O9 qT`Warn
OHT_NODE,100150,1,I/O10 qT`Warn
OHT_NODE,100151,1,X1 ROUF`Warn
OHT_NODE,100152,1,X2 ROUF`Warn
OHT_NODE,100153,1,X3 ROUF`Warn
OHT_NODE,100154,1,X4 ROUF`Warn
OHT_NODE,100155,1,X5 ROUF`Warn
OHT_NODE,100156,1,X6 ROUF`Warn
OHT_NODE,100157,1,X7 ROUF`Warn
OHT_NODE,100158,1,X8 ROUF`Warn
OHT_NODE,100159,1,X9 ROUF`Warn
OHT_NODE,100160,1,X10 ROUF`Warn
OHT_NODE,100161,1,X11 ROUF`Warn
OHT_NODE,100162,1,X12 ROUF`Warn
OHT_NODE,100163,1,X13 ROUF`Warn
OHT_NODE,100164,1,X14 ROUF`Warn
OHT_NODE,100165,1,X15 ROUF`Warn
OHT_NODE,100166,1,X16 ROUF`Warn
OHT_NODE,100167,1,X17 ROUF`Warn
OHT_NODE,100168,1,X18 ROUF`Warn
OHT_NODE,100169,1,X19 ROUF`Warn
OHT_NODE,100170,1,X20 ROUF`Warn
OHT_NODE,100171,1,t171Warn
OHT_NODE,100172,1,t172Warn
OHT_NODE,100173,1,t173Warn
OHT_NODE,100174,1,t174Warn
OHT_NODE,100175,1,t175Warn
OHT_NODE,100176,1,t176Warn
OHT_NODE,100177,1,t177Warn
OHT_NODE,100178,1,t178Warn
OHT_NODE,100179,1,t179Warn
OHT_NODE,100180,1,t180Warn
OHT_NODE,100181,1,t181Warn
OHT_NODE,100182,1,t182Warn
OHT_NODE,100183,1,t183Warn
OHT_NODE,100184,1,t184Warn
OHT_NODE,100185,1,t185Warn
OHT_NODE,100186,1,t186Warn
OHT_NODE,100187,1,t187Warn
OHT_NODE,100188,1,t188Warn
OHT_NODE,100189,1,t189Warn
OHT_NODE,100190,1,t190Warn
OHT_NODE,100191,1,t191Warn
OHT_NODE,100192,1,t192Warn
OHT_NODE,100193,1,t193Warn
OHT_NODE,100194,1,t194Warn
OHT_NODE,100195,1,t195Warn
OHT_NODE,100196,1,t196Warn
OHT_NODE,100197,1,t197Warn
OHT_NODE,100198,1,t198Warn
OHT_NODE,100199,1,t199Warn
OHT_NODE,100200,1,t200Warn
OHT_NODE,100201,1,t201Warn
OHT_NODE,100202,1,t202Warn
OHT_NODE,100203,1,t203Warn
OHT_NODE,100204,1,t204Warn
OHT_NODE,100205,1,t205Warn
OHT_NODE,100206,1,t206Warn
OHT_NODE,100207,1,t207Warn
OHT_NODE,100208,1,t208Warn
OHT_NODE,100209,1,t209Warn
OHT_NODE,100210,1,t210Warn
OHT_NODE,100211,1,t211Warn
OHT_NODE,100212,1,t212Warn
OHT_NODE,100213,1,t213Warn
OHT_NODE,100214,1,t214Warn
OHT_NODE,100215,1,t215Warn
OHT_NODE,100216,1,t216Warn
OHT_NODE,100217,1,t217Warn
OHT_NODE,100218,1,t218Warn
OHT_NODE,100219,1,t219Warn
OHT_NODE,100220,1,t220Warn
OHT_NODE,100221,1,t221Warn
OHT_NODE,100222,1,t222Warn
OHT_NODE,100223,1,t223Warn
OHT_NODE,100224,1,t224Warn
OHT_NODE,100225,1,t225Warn
OHT_NODE,100226,1,t226Warn
OHT_NODE,100227,1,t227Warn
OHT_NODE,100228,1,t228Warn
OHT_NODE,100229,1,t229Warn
OHT_NODE,100230,1,t230Warn
OHT_NODE,100231,1,t231Warn
OHT_NODE,100232,1,t232Warn
OHT_NODE,100233,1,t233Warn
OHT_NODE,100234,1,t234Warn
OHT_NODE,100235,1,t235Warn
OHT_NODE,100236,1,t236Warn
OHT_NODE,100237,1,t237Warn
OHT_NODE,100238,1,t238Warn
OHT_NODE,100239,1,t239Warn
OHT_NODE,100240,1,t240Warn
OHT_NODE,100241,1,t241Warn
OHT_NODE,100242,1,t242Warn
OHT_NODE,100243,1,t243Warn
OHT_NODE,100244,1,t244Warn
OHT_NODE,100245,1,t245Warn
OHT_NODE,100246,1,t246Warn
OHT_NODE,100247,1,t247Warn
OHT_NODE,100248,1,t248Warn
OHT_NODE,100249,1,t249Warn
OHT_NODE,100250,1,t250Warn
OHT_NODE,100251,1,t251Warn
OHT_NODE,100252,1,t252Warn
OHT_NODE,100253,1,t253Warn
OHT_NODE,100254,1,t254Warn
OHT_NODE,100255,1,t255Warn
OHT_NODE,100256,1,t256Warn
OHT_NODE,100257,1,y{257_WXmni\d!!!Warn
OHT_NODE,100258,1,y{258_eZL - - >@Warn
OHT_NODE,100259,1,y{259_x\@Warn
OHT_NODE,100260,1,y{260_XRO`Warn
OHT_NODE,100261,1,y{261_ewAtTw200Warn
OHT_NODE,100262,1,y{262_|mwAWarn
OHT_NODE,100263,1,y{263_{WL4500 mmAO@Warn
OHT_NODE,100264,1,y{264_O@Warn
OHT_NODE,100265,1,y{265_VA@O@Warn
OHT_NODE,100266,1,y{266_bNOTw@Warn
OHT_NODE,100267,1,y{267_YwXAiWarn
OHT_NODE,100268,1,y{268_YwXAiWarn
OHT_NODE,100269,1,y{269_WqeqWLWarn
OHT_NODE,100270,1,y{270_bkI@KKWarn
OHT_NODE,100271,1,y{271_bkI@KKWarn
OHT_NODE,100272,1,y{272_bkI@KKWarn
OHT_NODE,100273,1,y{273_bkI@KKWarn
OHT_NODE,100274,1,y{274_bkI@KKWarn
OHT_NODE,100275,1,y{275_bkI@KKWarn
OHT_NODE,100276,1,y{276_MiddlerROWarn
OHT_NODE,100277,1,y{277_bkI@Warn
OHT_NODE,100278,1,y{278_bkI@KKWarn
OHT_NODE,100279,1,y{279_bOqyLjWarn
OHT_NODE,100280,1,y{280_bOqyLjWarn
OHT_NODE,100281,1,y{281_bOqyLjWarn
OHT_NODE,100282,1,y{282_bOqyLjWarn
OHT_NODE,100283,1,y{283_eBarcodemPROWarn
OHT_NODE,100284,1,y{284_IOjXKKWarn
OHT_NODE,100285,1,y{285Warn
OHT_NODE,100286,1,y{286Warn
OHT_NODE,100287,1,y{287Warn
OHT_NODE,100288,1,y{288Warn
OHT_NODE,100289,1,y{289Warn
OHT_NODE,100290,1,y{290Warn
OHT_NODE,100291,1,y{291Warn
OHT_NODE,100292,1,y{292Warn
OHT_NODE,100293,1,y{293Warn
OHT_NODE,100294,1,y{294Warn
OHT_NODE,100295,1,y{295Warn
OHT_NODE,100296,1,y{296Warn
OHT_NODE,100297,1,y{297Warn
OHT_NODE,100298,1,y{298Warn
OHT_NODE,100299,1,y{299Warn
OHT_NODE,100300,1,y{300_beServo OFFWarn
OHT_NODE,100301,1,y{301_beServo OFFWarn
OHT_NODE,100302,1,y{302_beServo OFFWarn
OHT_NODE,100303,1,y{303_beServo OFFWarn
OHT_NODE,100304,1,y{304_beServo OFFWarn
OHT_NODE,100305,1,y{305Warn
OHT_NODE,100306,1,y{306Warn
OHT_NODE,100307,1,y{307Warn
OHT_NODE,100308,1,y{308Warn
OHT_NODE,100309,1,y{309Warn
OHT_NODE,100310,1,y{310Warn
OHT_NODE,100311,1,y{311Warn
OHT_NODE,100312,1,y{312Warn
OHT_NODE,100313,1,y{313Warn
OHT_NODE,100314,1,y{314Warn
OHT_NODE,100315,1,y{315Warn
OHT_NODE,100316,1,y{316Warn
OHT_NODE,100317,1,y{317Warn
OHT_NODE,100318,1,y{318Warn
OHT_NODE,100319,1,y{319Warn
OHT_NODE,100320,1,y{320Warn
OHT_NODE,100321,1,y{321Warn
OHT_NODE,100322,1,y{322Warn
OHT_NODE,100323,1,y{323Warn
OHT_NODE,100324,1,y{324Warn
OHT_NODE,100325,1,y{325Warn
OHT_NODE,100326,1,y{326Warn
OHT_NODE,100327,1,y{327Warn
OHT_NODE,100328,1,y{328Warn
OHT_NODE,100329,1,y{329Warn
OHT_NODE,100330,1,y{330Warn
OHT_NODE,100331,1,y{331Warn
OHT_NODE,100332,1,y{332Warn
OHT_NODE,100333,1,y{333Warn
OHT_NODE,100334,1,y{334Warn
OHT_NODE,100335,1,y{335Warn
OHT_NODE,100336,1,y{336Warn
OHT_NODE,100337,1,y{337Warn
OHT_NODE,100338,1,y{338Warn
OHT_NODE,100339,1,y{339Warn
OHT_NODE,100340,1,y{340Warn
OHT_NODE,100341,1,y{341Warn
OHT_NODE,100342,1,y{342Warn
OHT_NODE,100343,1,y{343Warn
OHT_NODE,100344,1,y{344Warn
OHT_NODE,100345,1,y{345Warn
OHT_NODE,100346,1,y{346Warn
OHT_NODE,100347,1,y{347Warn
OHT_NODE,100348,1,y{348Warn
OHT_NODE,100349,1,y{349Warn
OHT_NODE,100350,1,y{350Warn
OHT_NODE,100351,2,"PIO external forced end, check Fork mechanism!"Alarm
OHT_NODE,100352,2,PIO connect error!Alarm
OHT_NODE,100353,2,PIO interlock timeout before action!Alarm
OHT_NODE,100354,2,PIO interlock timeout during action!Alarm
OHT_NODE,100355,2,PIO interlock timeout after action!Alarm
OHT_NODE,100356,2,PIO tray type unmatch!Alarm
OHT_NODE,100357,1,y{357Warn
OHT_NODE,100358,1,y{358Warn
OHT_NODE,100359,1,y{359Warn
OHT_NODE,100360,1,y{360Warn
OHT_NODE,100361,2,"Fork is idle but tray status error, check Fork sensor!"Alarm
OHT_NODE,100362,2,"Attention! Fork is moving, but the second dispatch!"Alarm
OHT_NODE,100363,1,y{363Warn
OHT_NODE,100364,1,y{364Warn
OHT_NODE,100365,1,y{365Warn
OHT_NODE,100366,1,y{366Warn
OHT_NODE,100367,1,y{367Warn
OHT_NODE,100368,1,y{368Warn
OHT_NODE,100369,1,y{369Warn
OHT_NODE,100370,1,y{370Warn
OHT_NODE,100371,2,Load/Unload action time is too long!Alarm
OHT_NODE,100372,2,"Drivers isn't ready, please check servo on/off!"Alarm
OHT_NODE,100373,2,"Drivers isn't ready, please check servo on/off!"Alarm
OHT_NODE,100374,2,"Drivers isn't ready, please check servo on/off!"Alarm
OHT_NODE,100375,2,"Drivers isn't ready, please check servo on/off!"Alarm
OHT_NODE,100376,2,"Drivers command error, please check alarm message!"Alarm
OHT_NODE,100377,2,"Drivers command error, please check alarm message!"Alarm
OHT_NODE,100378,2,"Drivers command error, please check alarm message!"Alarm
OHT_NODE,100379,2,"Drivers command error, please check alarm message!"Alarm
OHT_NODE,100380,2,"Tray-OnJaws sensor fall prevent, please check length and width!"Alarm
OHT_NODE,100381,2,"Winding tension is abnormal, check  tension sensor!"Alarm
OHT_NODE,100382,2,"Tension sensor error, please check seneor status!"Alarm
OHT_NODE,100383,2,"Tray-Passed sensor error, please check seneor status!"Alarm
OHT_NODE,100384,2,"Tray-OnJaws sensor error, please check seneor status!"Alarm
OHT_NODE,100385,1,y{385Warn
OHT_NODE,100386,1,y{386Warn
OHT_NODE,100387,1,y{387Warn
OHT_NODE,100388,1,y{388Warn
OHT_NODE,100389,1,y{389Warn
OHT_NODE,100390,1,y{390Warn
OHT_NODE,100391,2,Reset can't work !! Y. Z. Theta is not at originAlarm
OHT_NODE,100392,2,Reset error!! Please ON/OFF OHTAlarm
OHT_NODE,100393,1,y{393Warn
OHT_NODE,100394,1,y{394Warn
OHT_NODE,100395,1,y{395Warn
OHT_NODE,100396,1,y{396Warn
OHT_NODE,100397,1,y{397Warn
OHT_NODE,100398,1,y{398Warn
OHT_NODE,100399,1,y{399Warn
OHT_NODE,100400,1,y{400Warn
OHT_NODE,100401,1,y{401Warn
OHT_NODE,100402,1,y{402Warn
OHT_NODE,100403,1,y{403Warn
OHT_NODE,100404,1,y{404Warn
OHT_NODE,100405,1,y{405Warn
OHT_NODE,100406,1,y{406Warn
OHT_NODE,100407,1,y{407Warn
OHT_NODE,100408,1,y{408Warn
OHT_NODE,100409,1,y{409Warn
OHT_NODE,100410,1,y{410Warn
OHT_NODE,100411,1,y{411Warn
OHT_NODE,100412,1,y{412Warn
OHT_NODE,100413,1,y{413Warn
OHT_NODE,100414,1,y{414Warn
OHT_NODE,100415,1,y{415Warn
OHT_NODE,100416,1,y{416Warn
OHT_NODE,100417,1,y{417Warn
OHT_NODE,100418,1,y{418Warn
OHT_NODE,100419,1,y{419Warn
OHT_NODE,100420,1,y{420Warn
OHT_NODE,100421,1,y{421Warn
OHT_NODE,100422,1,y{422Warn
OHT_NODE,100423,1,y{423Warn
OHT_NODE,100424,1,y{424Warn
OHT_NODE,100425,1,y{425Warn
OHT_NODE,100426,1,y{426Warn
OHT_NODE,100427,1,y{427Warn
OHT_NODE,100428,1,y{428Warn
OHT_NODE,100429,1,y{429Warn
OHT_NODE,100430,1,y{430Warn
OHT_NODE,100431,1,y{431Warn
OHT_NODE,100432,1,y{432Warn
OHT_NODE,100433,1,y{433Warn
OHT_NODE,100434,1,y{434Warn
OHT_NODE,100435,1,y{435Warn
OHT_NODE,100436,1,y{436Warn
OHT_NODE,100437,1,y{437Warn
OHT_NODE,100438,1,y{438Warn
OHT_NODE,100439,1,y{439Warn
OHT_NODE,100440,1,y{440Warn
OHT_NODE,100441,1,y{441Warn
OHT_NODE,100442,1,y{442Warn
OHT_NODE,100443,1,y{443Warn
OHT_NODE,100444,1,y{444Warn
OHT_NODE,100445,1,y{445Warn
OHT_NODE,100446,1,y{446Warn
OHT_NODE,100447,1,y{447Warn
OHT_NODE,100448,1,y{448Warn
OHT_NODE,100449,1,y{449Warn
OHT_NODE,100450,1,y{450Warn
OHT_NODE,100451,1,y{451Warn
OHT_NODE,100452,1,y{452Warn
OHT_NODE,100453,1,y{453Warn
OHT_NODE,100454,1,y{454Warn
OHT_NODE,100455,1,y{455Warn
OHT_NODE,100456,1,y{456Warn
OHT_NODE,100457,1,y{457Warn
OHT_NODE,100458,1,y{458Warn
OHT_NODE,100459,1,y{459Warn
OHT_NODE,100460,1,y{460Warn
OHT_NODE,100461,1,y{461Warn
OHT_NODE,100462,1,y{462Warn
OHT_NODE,100463,1,y{463Warn
OHT_NODE,100464,1,y{464Warn
OHT_NODE,100465,1,y{465Warn
OHT_NODE,100466,1,y{466Warn
OHT_NODE,100467,1,y{467Warn
OHT_NODE,100468,1,y{468Warn
OHT_NODE,100469,1,y{469Warn
OHT_NODE,100470,1,y{470Warn
OHT_NODE,100471,1,y{471Warn
OHT_NODE,100472,1,y{472Warn
OHT_NODE,100473,1,y{473Warn
OHT_NODE,100474,1,y{474Warn
OHT_NODE,100475,1,y{475Warn
OHT_NODE,100476,1,y{476Warn
OHT_NODE,100477,1,y{477Warn
OHT_NODE,100478,1,y{478Warn
OHT_NODE,100479,1,y{479Warn
OHT_NODE,100480,1,y{480Warn
OHT_NODE,100481,1,y{481Warn
OHT_NODE,100482,1,y{482Warn
OHT_NODE,100483,1,y{483Warn
OHT_NODE,100484,1,y{484Warn
OHT_NODE,100485,1,y{485Warn
OHT_NODE,100486,1,y{486Warn
OHT_NODE,100487,1,y{487Warn
OHT_NODE,100488,1,y{488Warn
OHT_NODE,100489,1,y{489Warn
OHT_NODE,100490,1,y{490Warn
OHT_NODE,100491,1,y{491Warn
OHT_NODE,100492,1,y{492Warn
OHT_NODE,100493,1,y{493Warn
OHT_NODE,100494,1,y{494Warn
OHT_NODE,100495,1,y{495Warn
OHT_NODE,100496,1,y{496Warn
OHT_NODE,100497,1,y{497Warn
OHT_NODE,100498,1,y{498Warn
OHT_NODE,100499,1,y{499Warn
OHT_NODE,100500,1,y{500Warn
OHT_NODE,100501,1,y{501Warn
OHT_NODE,100502,1,y{502Warn
OHT_NODE,100503,1,y{503Warn
OHT_NODE,100504,1,y{504Warn
OHT_NODE,100505,1,y{505Warn
OHT_NODE,100506,1,y{506Warn
OHT_NODE,100507,1,y{507Warn
OHT_NODE,100508,1,y{508Warn
OHT_NODE,100509,1,y{509Warn
OHT_NODE,100510,1,y{510Warn
OHT_NODE,100511,1,y{511Warn
OHT_NODE,100512,1,y{512Warn
OHT_NODE,100513,1,y{513Warn
OHT_NODE,100514,1,y{514Warn
OHT_NODE,100515,1,y{515Warn
OHT_NODE,100516,1,y{516Warn
OHT_NODE,100517,1,y{517Warn
OHT_NODE,100518,1,y{518Warn
OHT_NODE,100519,1,y{519Warn
OHT_NODE,100520,1,y{520Warn
OHT_NODE,100521,1,y{521Warn
OHT_NODE,100522,1,y{522Warn
OHT_NODE,100523,1,y{523Warn
OHT_NODE,100524,1,y{524Warn
OHT_NODE,100525,1,y{525Warn
OHT_NODE,100526,1,y{526Warn
OHT_NODE,100527,1,y{527Warn
OHT_NODE,100528,1,y{528Warn
OHT_NODE,100529,1,y{529Warn
OHT_NODE,100530,1,y{530Warn
OHT_NODE,100531,1,y{531Warn
OHT_NODE,100532,1,y{532Warn
OHT_NODE,100533,1,y{533Warn
OHT_NODE,100534,1,y{534Warn
OHT_NODE,100535,1,y{535Warn
OHT_NODE,100536,1,y{536Warn
OHT_NODE,100537,1,y{537Warn
OHT_NODE,100538,1,y{538Warn
OHT_NODE,100539,1,y{539Warn
OHT_NODE,100540,1,y{540Warn
OHT_NODE,100541,1,y{541Warn
OHT_NODE,100542,1,y{542Warn
OHT_NODE,100543,1,y{543Warn
OHT_NODE,100544,1,y{544Warn
OHT_NODE,100545,1,y{545Warn
OHT_NODE,100546,1,y{546Warn
OHT_NODE,100547,1,y{547Warn
OHT_NODE,100548,1,y{548Warn
OHT_NODE,100549,1,y{549Warn
OHT_NODE,100550,1,y{550Warn
OHT_NODE,100551,1,y{551Warn
OHT_NODE,100552,1,y{552Warn
OHT_NODE,100553,1,y{553Warn
OHT_NODE,100554,1,y{554Warn
OHT_NODE,100555,1,y{555Warn
OHT_NODE,100556,1,y{556Warn
OHT_NODE,100557,1,y{557Warn
OHT_NODE,100558,1,y{558Warn
OHT_NODE,100559,1,y{559Warn
OHT_NODE,100560,1,y{560Warn
OHT_NODE,100561,1,y{561Warn
OHT_NODE,100562,1,y{562Warn
OHT_NODE,100563,1,y{563Warn
OHT_NODE,100564,1,y{564Warn
OHT_NODE,100565,1,y{565Warn
OHT_NODE,100566,1,y{566Warn
OHT_NODE,100567,1,y{567Warn
OHT_NODE,100568,1,y{568Warn
OHT_NODE,100569,1,y{569Warn
OHT_NODE,100570,1,y{570Warn
OHT_NODE,100571,1,y{571Warn
OHT_NODE,100572,1,y{572Warn
OHT_NODE,100573,1,y{573Warn
OHT_NODE,100574,1,y{574Warn
OHT_NODE,100575,1,y{575Warn
OHT_NODE,100576,1,y{576Warn
OHT_NODE,100577,1,y{577Warn
OHT_NODE,100578,1,y{578Warn
OHT_NODE,100579,1,y{579Warn
OHT_NODE,100580,1,y{580Warn
OHT_NODE,100581,1,y{581Warn
OHT_NODE,100582,1,y{582Warn
OHT_NODE,100583,1,y{583Warn
OHT_NODE,100584,1,y{584Warn
OHT_NODE,100585,1,y{585Warn
OHT_NODE,100586,1,y{586Warn
OHT_NODE,100587,1,y{587Warn
OHT_NODE,100588,1,y{588Warn
OHT_NODE,100589,1,y{589Warn
OHT_NODE,100590,1,y{590Warn
OHT_NODE,100591,1,y{591Warn
OHT_NODE,100592,1,y{592Warn
OHT_NODE,100593,1,y{593Warn
OHT_NODE,100594,1,y{594Warn
OHT_NODE,100595,1,y{595Warn
OHT_NODE,100596,1,y{596Warn
OHT_NODE,100597,1,y{597Warn
OHT_NODE,100598,1,y{598Warn
OHT_NODE,100599,1,y{599Warn
OHT_NODE,100600,1,y{600Warn
OHT_NODE,100601,1,y{601Warn
OHT_NODE,100602,1,y{602Warn
OHT_NODE,100603,1,y{603Warn
OHT_NODE,100604,1,y{604Warn
OHT_NODE,100605,1,y{605Warn
OHT_NODE,100606,1,y{606Warn
OHT_NODE,100607,1,y{607Warn
OHT_NODE,100608,1,y{608Warn
OHT_NODE,100609,1,y{609Warn
OHT_NODE,100610,1,y{610Warn
OHT_NODE,100611,1,y{611Warn
OHT_NODE,100612,1,y{612Warn
OHT_NODE,100613,1,y{613Warn
OHT_NODE,100614,1,y{614Warn
OHT_NODE,100615,1,y{615Warn
OHT_NODE,100616,1,y{616Warn
OHT_NODE,100617,1,y{617Warn
OHT_NODE,100618,1,y{618Warn
OHT_NODE,100619,1,y{619Warn
OHT_NODE,100620,1,y{620Warn
OHT_NODE,100621,1,y{621Warn
OHT_NODE,100622,1,y{622Warn
OHT_NODE,100623,1,y{623Warn
OHT_NODE,100624,1,y{624Warn
OHT_NODE,100625,1,y{625Warn
OHT_NODE,100626,1,y{626Warn
OHT_NODE,100627,1,y{627Warn
OHT_NODE,100628,1,y{628Warn
OHT_NODE,100629,1,y{629Warn
OHT_NODE,100630,1,y{630Warn
OHT_NODE,100631,1,y{631Warn
OHT_NODE,100632,1,y{632Warn
OHT_NODE,100633,1,y{633Warn
OHT_NODE,100634,1,y{634Warn
OHT_NODE,100635,1,y{635Warn
OHT_NODE,100636,1,y{636Warn
OHT_NODE,100637,1,y{637Warn
OHT_NODE,100638,1,y{638Warn
OHT_NODE,100639,1,y{639Warn
OHT_NODE,100640,1,y{640Warn
OHT_NODE,100641,1,y{641Warn
OHT_NODE,100642,1,y{642Warn
OHT_NODE,100643,1,y{643Warn
OHT_NODE,100644,1,y{644Warn
OHT_NODE,100645,1,y{645Warn
OHT_NODE,100646,1,y{646Warn
OHT_NODE,100647,1,y{647Warn
OHT_NODE,100648,1,y{648Warn
OHT_NODE,100649,1,y{649Warn
OHT_NODE,100650,1,y{650Warn
OHT_NODE,100651,1,y{651Warn
OHT_NODE,100652,1,y{652Warn
OHT_NODE,100653,1,y{653Warn
OHT_NODE,100654,1,y{654Warn
OHT_NODE,100655,1,y{655Warn
OHT_NODE,100656,1,y{656Warn
OHT_NODE,100657,1,y{657Warn
OHT_NODE,100658,1,y{658Warn
OHT_NODE,100659,1,y{659Warn
OHT_NODE,100660,1,y{660Warn
OHT_NODE,100661,1,y{661Warn
OHT_NODE,100662,1,y{662Warn
OHT_NODE,100663,1,y{663Warn
OHT_NODE,100664,1,y{664Warn
OHT_NODE,100665,1,y{665Warn
OHT_NODE,100666,1,y{666Warn
OHT_NODE,100667,1,y{667Warn
OHT_NODE,100668,1,y{668Warn
OHT_NODE,100669,1,y{669Warn
OHT_NODE,100670,1,y{670Warn
OHT_NODE,100671,1,y{671Warn
OHT_NODE,100672,1,y{672Warn
OHT_NODE,100673,1,y{673Warn
OHT_NODE,100674,1,y{674Warn
OHT_NODE,100675,1,y{675Warn
OHT_NODE,100676,1,y{676Warn
OHT_NODE,100677,1,y{677Warn
OHT_NODE,100678,1,y{678Warn
OHT_NODE,100679,1,y{679Warn
OHT_NODE,100680,1,y{680Warn
OHT_NODE,100681,1,y{681Warn
OHT_NODE,100682,1,y{682Warn
OHT_NODE,100683,1,y{683Warn
OHT_NODE,100684,1,y{684Warn
OHT_NODE,100685,1,y{685Warn
OHT_NODE,100686,1,y{686Warn
OHT_NODE,100687,1,y{687Warn
OHT_NODE,100688,1,y{688Warn
OHT_NODE,100689,1,y{689Warn
OHT_NODE,100690,1,y{690Warn
OHT_NODE,100691,1,y{691Warn
OHT_NODE,100692,1,y{692Warn
OHT_NODE,100693,1,y{693Warn
OHT_NODE,100694,1,y{694Warn
OHT_NODE,100695,1,y{695Warn
OHT_NODE,100696,1,y{696Warn
OHT_NODE,100697,1,y{697Warn
OHT_NODE,100698,1,y{698Warn
OHT_NODE,100699,1,y{699Warn
OHT_NODE,100700,1,y{700Warn
OHT_NODE,100701,1,y{701Warn
OHT_NODE,100702,1,y{702Warn
OHT_NODE,100703,1,y{703Warn
OHT_NODE,100704,1,y{704Warn
OHT_NODE,100705,1,y{705Warn
OHT_NODE,100706,1,y{706Warn
OHT_NODE,100707,1,y{707Warn
OHT_NODE,100708,1,y{708Warn
OHT_NODE,100709,1,y{709Warn
OHT_NODE,100710,1,y{710Warn
OHT_NODE,100711,1,y{711Warn
OHT_NODE,100712,1,y{712Warn
OHT_NODE,100713,1,y{713Warn
OHT_NODE,100714,1,y{714Warn
OHT_NODE,100715,1,y{715Warn
OHT_NODE,100716,1,y{716Warn
OHT_NODE,100717,1,y{717Warn
OHT_NODE,100718,1,y{718Warn
OHT_NODE,100719,1,y{719Warn
OHT_NODE,100720,1,y{720Warn
OHT_NODE,100721,1,y{721Warn
OHT_NODE,100722,1,y{722Warn
OHT_NODE,100723,1,y{723Warn
OHT_NODE,100724,1,y{724Warn
OHT_NODE,100725,1,y{725Warn
OHT_NODE,100726,1,y{726Warn
OHT_NODE,100727,1,y{727Warn
OHT_NODE,100728,1,y{728Warn
OHT_NODE,100729,1,y{729Warn
OHT_NODE,100730,1,y{730Warn
OHT_NODE,100731,1,y{731Warn
OHT_NODE,100732,1,y{732Warn
OHT_NODE,100733,1,y{733Warn
OHT_NODE,100734,1,y{734Warn
OHT_NODE,100735,1,y{735Warn
OHT_NODE,100736,1,y{736Warn
OHT_NODE,100737,1,y{737Warn
OHT_NODE,100738,1,y{738Warn
OHT_NODE,100739,1,y{739Warn
OHT_NODE,100740,1,y{740Warn
OHT_NODE,100741,1,y{741Warn
OHT_NODE,100742,1,y{742Warn
OHT_NODE,100743,1,y{743Warn
OHT_NODE,100744,1,y{744Warn
OHT_NODE,100745,1,y{745Warn
OHT_NODE,100746,1,y{746Warn
OHT_NODE,100747,1,y{747Warn
OHT_NODE,100748,1,y{748Warn
OHT_NODE,100749,1,y{749Warn
OHT_NODE,100750,1,y{750Warn
OHT_NODE,100751,1,y{751Warn
OHT_NODE,100752,1,y{752Warn
OHT_NODE,100753,1,y{753Warn
OHT_NODE,100754,1,y{754Warn
OHT_NODE,100755,1,y{755Warn
OHT_NODE,100756,1,y{756Warn
OHT_NODE,100757,1,y{757Warn
OHT_NODE,100758,1,y{758Warn
OHT_NODE,100759,1,y{759Warn
OHT_NODE,100760,1,y{760Warn
OHT_NODE,100761,1,y{761Warn
OHT_NODE,100762,1,y{762Warn
OHT_NODE,100763,1,y{763Warn
OHT_NODE,100764,1,y{764Warn
OHT_NODE,100765,1,y{765Warn
OHT_NODE,100766,1,y{766Warn
OHT_NODE,100767,1,y{767Warn
OHT_NODE,100768,1,y{768Warn
OHT_NODE,100769,1,y{769Warn
OHT_NODE,100770,1,y{770Warn
OHT_NODE,100771,1,y{771Warn
OHT_NODE,100772,1,y{772Warn
OHT_NODE,100773,1,y{773Warn
OHT_NODE,100774,1,y{774Warn
OHT_NODE,100775,1,y{775Warn
OHT_NODE,100776,1,y{776Warn
OHT_NODE,100777,1,y{777Warn
OHT_NODE,100778,1,y{778Warn
OHT_NODE,100779,1,y{779Warn
OHT_NODE,100780,1,y{780Warn
OHT_NODE,100781,1,y{781Warn
OHT_NODE,100782,1,y{782Warn
OHT_NODE,100783,1,y{783Warn
OHT_NODE,100784,1,y{784Warn
OHT_NODE,100785,1,y{785Warn
OHT_NODE,100786,1,y{786Warn
OHT_NODE,100787,1,y{787Warn
OHT_NODE,100788,1,y{788Warn
OHT_NODE,100789,1,y{789Warn
OHT_NODE,100790,1,y{790Warn
OHT_NODE,100791,1,y{791Warn
OHT_NODE,100792,1,y{792Warn
OHT_NODE,100793,1,y{793Warn
OHT_NODE,100794,1,y{794Warn
OHT_NODE,100795,1,y{795Warn
OHT_NODE,100796,1,y{796Warn
OHT_NODE,100797,1,y{797Warn
OHT_NODE,100798,1,y{798Warn
OHT_NODE,100799,1,y{799Warn
OHT_NODE,100800,1,y{800Warn
OHT_NODE,100801,1,y{801Warn
OHT_NODE,100802,1,y{802Warn
OHT_NODE,100803,1,y{803Warn
OHT_NODE,100804,1,y{804Warn
OHT_NODE,100805,1,y{805Warn
OHT_NODE,100806,1,y{806Warn
OHT_NODE,100807,1,y{807Warn
OHT_NODE,100808,1,y{808Warn
OHT_NODE,100809,1,y{809Warn
OHT_NODE,100810,1,y{810Warn
OHT_NODE,100811,1,y{811Warn
OHT_NODE,100812,1,y{812Warn
OHT_NODE,100813,1,y{813Warn
OHT_NODE,100814,1,y{814Warn
OHT_NODE,100815,1,y{815Warn
OHT_NODE,100816,1,y{816Warn
OHT_NODE,100817,1,y{817Warn
OHT_NODE,100818,1,y{818Warn
OHT_NODE,100819,1,y{819Warn
OHT_NODE,100820,1,y{820Warn
OHT_NODE,100821,1,y{821Warn
OHT_NODE,100822,1,y{822Warn
OHT_NODE,100823,1,y{823Warn
OHT_NODE,100824,1,y{824Warn
OHT_NODE,100825,1,y{825Warn
OHT_NODE,100826,1,y{826Warn
OHT_NODE,100827,1,y{827Warn
OHT_NODE,100828,1,y{828Warn
OHT_NODE,100829,1,y{829Warn
OHT_NODE,100830,1,y{830Warn
OHT_NODE,100831,1,y{831Warn
OHT_NODE,100832,1,y{832Warn
OHT_NODE,100833,1,y{833Warn
OHT_NODE,100834,1,y{834Warn
OHT_NODE,100835,1,y{835Warn
OHT_NODE,100836,1,y{836Warn
OHT_NODE,100837,1,y{837Warn
OHT_NODE,100838,1,y{838Warn
OHT_NODE,100839,1,y{839Warn
OHT_NODE,100840,1,y{840Warn
OHT_NODE,100841,1,y{841Warn
OHT_NODE,100842,1,y{842Warn
OHT_NODE,100843,1,y{843Warn
OHT_NODE,100844,1,y{844Warn
OHT_NODE,100845,1,y{845Warn
OHT_NODE,100846,1,y{846Warn
OHT_NODE,100847,1,y{847Warn
OHT_NODE,100848,1,y{848Warn
OHT_NODE,100849,1,y{849Warn
OHT_NODE,100850,1,y{850Warn
OHT_NODE,100851,1,y{851Warn
OHT_NODE,100852,1,y{852Warn
OHT_NODE,100853,1,y{853Warn
OHT_NODE,100854,1,y{854Warn
OHT_NODE,100855,1,y{855Warn
OHT_NODE,100856,1,y{856Warn
OHT_NODE,100857,1,y{857Warn
OHT_NODE,100858,1,y{858Warn
OHT_NODE,100859,1,y{859Warn
OHT_NODE,100860,1,y{860Warn
OHT_NODE,100861,1,y{861Warn
OHT_NODE,100862,1,y{862Warn
OHT_NODE,100863,1,y{863Warn
OHT_NODE,100864,1,y{864Warn
OHT_NODE,100865,1,y{865Warn
OHT_NODE,100866,1,y{866Warn
OHT_NODE,100867,1,y{867Warn
OHT_NODE,100868,1,y{868Warn
OHT_NODE,100869,1,y{869Warn
OHT_NODE,100870,1,y{870Warn
OHT_NODE,100871,1,y{871Warn
OHT_NODE,100872,1,y{872Warn
OHT_NODE,100873,1,y{873Warn
OHT_NODE,100874,1,y{874Warn
OHT_NODE,100875,1,y{875Warn
OHT_NODE,100876,1,y{876Warn
OHT_NODE,100877,1,y{877Warn
OHT_NODE,100878,1,y{878Warn
OHT_NODE,100879,1,y{879Warn
OHT_NODE,100880,1,y{880Warn
OHT_NODE,100881,1,y{881Warn
OHT_NODE,100882,1,y{882Warn
OHT_NODE,100883,1,y{883Warn
OHT_NODE,100884,1,y{884Warn
OHT_NODE,100885,1,y{885Warn
OHT_NODE,100886,1,y{886Warn
OHT_NODE,100887,1,y{887Warn
OHT_NODE,100888,1,y{888Warn
OHT_NODE,100889,1,y{889Warn
OHT_NODE,100890,1,y{890Warn
OHT_NODE,100891,1,y{891Warn
OHT_NODE,100892,1,y{892Warn
OHT_NODE,100893,1,y{893Warn
OHT_NODE,100894,1,y{894Warn
OHT_NODE,100895,1,y{895Warn
OHT_NODE,100896,1,y{896Warn
OHT_NODE,100897,1,y{897Warn
OHT_NODE,100898,1,y{898Warn
OHT_NODE,100899,1,y{899Warn
OHT_NODE,100900,1,y{900Warn
OHT_NODE,100901,1,y{901Warn
OHT_NODE,100902,1,y{902Warn
OHT_NODE,100903,1,y{903Warn
OHT_NODE,100904,1,y{904Warn
OHT_NODE,100905,1,y{905Warn
OHT_NODE,100906,1,y{906Warn
OHT_NODE,100907,1,y{907Warn
OHT_NODE,100908,1,y{908Warn
OHT_NODE,100909,1,y{909Warn
OHT_NODE,100910,1,y{910Warn
OHT_NODE,100911,1,y{911Warn
OHT_NODE,100912,1,y{912Warn
OHT_NODE,100913,1,y{913Warn
OHT_NODE,100914,1,y{914Warn
OHT_NODE,100915,1,y{915Warn
OHT_NODE,100916,1,y{916Warn
OHT_NODE,100917,1,y{917Warn
OHT_NODE,100918,1,y{918Warn
OHT_NODE,100919,1,y{919Warn
OHT_NODE,100920,1,y{920Warn
OHT_NODE,100921,1,y{921Warn
OHT_NODE,100922,1,y{922Warn
OHT_NODE,100923,1,y{923Warn
OHT_NODE,100924,1,y{924Warn
OHT_NODE,100925,1,y{925Warn
OHT_NODE,100926,1,y{926Warn
OHT_NODE,100927,1,y{927Warn
OHT_NODE,100928,1,y{928Warn
OHT_NODE,100929,1,y{929Warn
OHT_NODE,100930,1,y{930Warn
OHT_NODE,100931,1,y{931Warn
OHT_NODE,100932,1,y{932Warn
OHT_NODE,100933,1,y{933Warn
OHT_NODE,100934,1,y{934Warn
OHT_NODE,100935,1,y{935Warn
OHT_NODE,100936,1,y{936Warn
OHT_NODE,100937,1,y{937Warn
OHT_NODE,100938,1,y{938Warn
OHT_NODE,100939,1,y{939Warn
OHT_NODE,100940,1,y{940Warn
OHT_NODE,100941,1,y{941Warn
OHT_NODE,100942,1,y{942Warn
OHT_NODE,100943,1,y{943Warn
OHT_NODE,100944,1,y{944Warn
OHT_NODE,100945,1,y{945Warn
OHT_NODE,100946,1,y{946Warn
OHT_NODE,100947,1,y{947Warn
OHT_NODE,100948,1,y{948Warn
OHT_NODE,100949,1,y{949Warn
OHT_NODE,100950,1,y{950Warn
OHT_NODE,100951,1,y{951Warn
OHT_NODE,100952,1,y{952Warn
OHT_NODE,100953,1,y{953Warn
OHT_NODE,100954,1,y{954Warn
OHT_NODE,100955,1,y{955Warn
OHT_NODE,100956,1,y{956Warn
OHT_NODE,100957,1,y{957Warn
OHT_NODE,100958,1,y{958Warn
OHT_NODE,100959,1,y{959Warn
OHT_NODE,100960,1,y{960Warn
OHT_NODE,100961,1,y{961Warn
OHT_NODE,100962,1,y{962Warn
OHT_NODE,100963,1,y{963Warn
OHT_NODE,100964,1,y{964Warn
OHT_NODE,100965,1,y{965Warn
OHT_NODE,100966,1,y{966Warn
OHT_NODE,100967,1,y{967Warn
OHT_NODE,100968,1,y{968Warn
OHT_NODE,100969,1,y{969Warn
OHT_NODE,100970,1,y{970Warn
OHT_NODE,100971,1,y{971Warn
OHT_NODE,100972,1,y{972Warn
OHT_NODE,100973,1,y{973Warn
OHT_NODE,100974,1,y{974Warn
OHT_NODE,100975,1,y{975Warn
OHT_NODE,100976,1,y{976Warn
OHT_NODE,100977,1,y{977Warn
OHT_NODE,100978,1,y{978Warn
OHT_NODE,100979,1,y{979Warn
OHT_NODE,100980,1,y{980Warn
OHT_NODE,100981,1,y{981Warn
OHT_NODE,100982,1,y{982Warn
OHT_NODE,100983,1,y{983Warn
OHT_NODE,100984,1,y{984Warn
OHT_NODE,100985,1,y{985Warn
OHT_NODE,100986,1,y{986Warn
OHT_NODE,100987,1,y{987Warn
OHT_NODE,100988,1,y{988Warn
OHT_NODE,100989,1,y{989Warn
OHT_NODE,100990,1,y{990Warn
OHT_NODE,100991,1,y{991Warn
OHT_NODE,100992,1,y{992Warn
OHT_NODE,100993,1,y{993Warn
OHT_NODE,100994,1,y{994Warn
OHT_NODE,100995,1,y{995Warn
OHT_NODE,100996,1,y{996Warn
OHT_NODE,100997,1,y{997Warn
OHT_NODE,100998,1,y{998Warn
OHT_NODE,100999,1,y{999Warn
OHT_NODE,101000,1,y{1000Warn
OHT_NODE,101001,1,y{1001Warn
OHT_NODE,101002,1,y{1002Warn
OHT_NODE,101003,1,y{1003Warn
OHT_NODE,101004,1,y{1004Warn
OHT_NODE,101005,1,y{1005Warn
OHT_NODE,101006,1,y{1006Warn
OHT_NODE,101007,1,y{1007Warn
OHT_NODE,101008,1,y{1008Warn
OHT_NODE,101009,1,y{1009Warn
OHT_NODE,101010,1,y{1010Warn
OHT_NODE,101011,1,y{1011Warn
OHT_NODE,101012,1,y{1012Warn
OHT_NODE,101013,1,y{1013Warn
OHT_NODE,101014,1,y{1014Warn
OHT_NODE,101015,1,y{1015Warn
OHT_NODE,101016,1,y{1016Warn
OHT_NODE,101017,1,y{1017Warn
OHT_NODE,101018,1,y{1018Warn
OHT_NODE,101019,1,y{1019Warn
OHT_NODE,101020,1,y{1020Warn
OHT_NODE,101021,1,y{1021Warn
OHT_NODE,101022,1,y{1022Warn
OHT_NODE,101023,1,y{1023Warn
OHT_NODE,101024,1,y{1024Warn
